sub,PR Evidence,bias_highbaserate,pre_map_change,post_map_change,rt_planning_pr,median_RT_actionselection,trial_num,planning_q,PR_individual_answers
5PARTICIPANT_study2_2022-11-23_16h26.14.304.csv,0.6666666666666666,0.5,0.5,0.25,1.189,0.8883,1,5.0,1
5PARTICIPANT_study2_2022-11-23_16h26.14.304.csv,0.6666666666666666,0.5,0.5,0.25,0.704,0.8883,2,3.0,1
5PARTICIPANT_study2_2022-11-23_16h26.14.304.csv,0.6666666666666666,0.5,0.5,0.25,0.7348,0.8883,3,6.0,0
5PARTICIPANT_study2_2022-11-23_16h26.14.304.csv,0.6666666666666666,0.5,0.5,0.25,1.1418,0.8883,4,0.0,0
5PARTICIPANT_study2_2022-11-23_16h26.14.304.csv,0.6666666666666666,0.5,0.5,0.25,0.2895,0.8883,5,7.0,1
5PARTICIPANT_study2_2022-11-23_16h26.14.304.csv,0.6666666666666666,0.5,0.5,0.25,0.32,0.8883,6,8.0,1
62ea83ca983737891e4a162f_study2_2022-11-23_09h51.14.876.csv,0.5,0.75,0.75,1.0,2.1108,0.6044499999999999,1,0.0,1
62ea83ca983737891e4a162f_study2_2022-11-23_09h51.14.876.csv,0.5,0.75,0.75,1.0,0.9773,0.6044499999999999,2,7.0,0
62ea83ca983737891e4a162f_study2_2022-11-23_09h51.14.876.csv,0.5,0.75,0.75,1.0,1.0368,0.6044499999999999,3,6.0,1
62ea83ca983737891e4a162f_study2_2022-11-23_09h51.14.876.csv,0.5,0.75,0.75,1.0,1.3837,0.6044499999999999,4,4.0,0
62ea83ca983737891e4a162f_study2_2022-11-23_09h51.14.876.csv,0.5,0.75,0.75,1.0,0.4398,0.6044499999999999,5,9.0,1
62ea83ca983737891e4a162f_study2_2022-11-23_09h51.14.876.csv,0.5,0.75,0.75,1.0,2.074,0.6044499999999999,6,1.0,0
5PARTICIPANT_study2_2022-11-23_09h54.03.794.csv,0.8333333333333334,0.5,1.0,0.0,1.481,1.0015,1,5.0,1
5PARTICIPANT_study2_2022-11-23_09h54.03.794.csv,0.8333333333333334,0.5,1.0,0.0,2.067,1.0015,2,2.0,1
5PARTICIPANT_study2_2022-11-23_09h54.03.794.csv,0.8333333333333334,0.5,1.0,0.0,0.353,1.0015,3,9.0,1
5PARTICIPANT_study2_2022-11-23_09h54.03.794.csv,0.8333333333333334,0.5,1.0,0.0,0.373,1.0015,4,3.0,1
5PARTICIPANT_study2_2022-11-23_09h54.03.794.csv,0.8333333333333334,0.5,1.0,0.0,0.713,1.0015,5,7.0,0
5PARTICIPANT_study2_2022-11-23_09h54.03.794.csv,0.8333333333333334,0.5,1.0,0.0,0.382,1.0015,6,0.0,1
608254e72addda3937fd934b_study2_2022-11-23_21h00.17.597.csv,0.5,0.25,0.25,0.25,0.6059,0.4269,1,9.0,0
608254e72addda3937fd934b_study2_2022-11-23_21h00.17.597.csv,0.5,0.25,0.25,0.25,0.6147,0.4269,2,8.0,1
608254e72addda3937fd934b_study2_2022-11-23_21h00.17.597.csv,0.5,0.25,0.25,0.25,0.8884,0.4269,3,3.0,0
608254e72addda3937fd934b_study2_2022-11-23_21h00.17.597.csv,0.5,0.25,0.25,0.25,0.8262,0.4269,4,2.0,1
608254e72addda3937fd934b_study2_2022-11-23_21h00.17.597.csv,0.5,0.25,0.25,0.25,0.8093,0.4269,5,7.0,1
608254e72addda3937fd934b_study2_2022-11-23_21h00.17.597.csv,0.5,0.25,0.25,0.25,0.8978,0.4269,6,0.0,0
60a0dfc6f9936b0d30dfea15_study2_2022-11-23_11h51.44.088.csv,0.5,0.25,0.75,0.0,3.308,0.5251,1,4.0,0
60a0dfc6f9936b0d30dfea15_study2_2022-11-23_11h51.44.088.csv,0.5,0.25,0.75,0.0,1.1501,0.5251,2,6.0,1
60a0dfc6f9936b0d30dfea15_study2_2022-11-23_11h51.44.088.csv,0.5,0.25,0.75,0.0,0.6751,0.5251,3,5.0,1
60a0dfc6f9936b0d30dfea15_study2_2022-11-23_11h51.44.088.csv,0.5,0.25,0.75,0.0,1.4999,0.5251,4,7.0,0
60a0dfc6f9936b0d30dfea15_study2_2022-11-23_11h51.44.088.csv,0.5,0.25,0.75,0.0,0.5664,0.5251,5,1.0,0
60a0dfc6f9936b0d30dfea15_study2_2022-11-23_11h51.44.088.csv,0.5,0.25,0.75,0.0,2.2854,0.5251,6,2.0,1
610a5da4bc12c2340a6a0051_study2_2022-11-23_12h07.44.077.csv,0.6666666666666666,0.5,1.0,0.0,2.7221,0.5853,1,6.0,0
610a5da4bc12c2340a6a0051_study2_2022-11-23_12h07.44.077.csv,0.6666666666666666,0.5,1.0,0.0,0.4963,0.5853,2,5.0,1
610a5da4bc12c2340a6a0051_study2_2022-11-23_12h07.44.077.csv,0.6666666666666666,0.5,1.0,0.0,1.4511,0.5853,3,1.0,0
610a5da4bc12c2340a6a0051_study2_2022-11-23_12h07.44.077.csv,0.6666666666666666,0.5,1.0,0.0,0.1777,0.5853,4,3.0,1
610a5da4bc12c2340a6a0051_study2_2022-11-23_12h07.44.077.csv,0.6666666666666666,0.5,1.0,0.0,0.623,0.5853,5,4.0,1
610a5da4bc12c2340a6a0051_study2_2022-11-23_12h07.44.077.csv,0.6666666666666666,0.5,1.0,0.0,2.2344,0.5853,6,9.0,1
5b8c8e7d0c740e00019d55c3_study2_2022-11-23_04h58.47.373.csv,0.6666666666666666,0.25,0.75,1.0,1.129,1.15415,1,5.0,1
5b8c8e7d0c740e00019d55c3_study2_2022-11-23_04h58.47.373.csv,0.6666666666666666,0.25,0.75,1.0,0.7194,1.15415,2,0.0,1
5b8c8e7d0c740e00019d55c3_study2_2022-11-23_04h58.47.373.csv,0.6666666666666666,0.25,0.75,1.0,0.6184,1.15415,3,7.0,1
5b8c8e7d0c740e00019d55c3_study2_2022-11-23_04h58.47.373.csv,0.6666666666666666,0.25,0.75,1.0,0.9691,1.15415,4,1.0,1
5b8c8e7d0c740e00019d55c3_study2_2022-11-23_04h58.47.373.csv,0.6666666666666666,0.25,0.75,1.0,0.5014,1.15415,5,2.0,0
5b8c8e7d0c740e00019d55c3_study2_2022-11-23_04h58.47.373.csv,0.6666666666666666,0.25,0.75,1.0,1.7872,1.15415,6,3.0,0
5fbae54831099083583afff0_study2_2022-11-23_04h19.24.960.csv,0.8333333333333334,0.75,0.75,0.0,1.0507,0.53345,1,9.0,1
5fbae54831099083583afff0_study2_2022-11-23_04h19.24.960.csv,0.8333333333333334,0.75,0.75,0.0,1.3042,0.53345,2,5.0,1
5fbae54831099083583afff0_study2_2022-11-23_04h19.24.960.csv,0.8333333333333334,0.75,0.75,0.0,0.6066,0.53345,3,7.0,1
5fbae54831099083583afff0_study2_2022-11-23_04h19.24.960.csv,0.8333333333333334,0.75,0.75,0.0,0.8183,0.53345,4,0.0,0
5fbae54831099083583afff0_study2_2022-11-23_04h19.24.960.csv,0.8333333333333334,0.75,0.75,0.0,1.5014,0.53345,5,8.0,1
5fbae54831099083583afff0_study2_2022-11-23_04h19.24.960.csv,0.8333333333333334,0.75,0.75,0.0,1.4164,0.53345,6,1.0,1
5b992a5224a3450001fa3454_study2_2022-11-23_10h53.20.433.csv,1.0,0.75,0.75,0.75,9.8656,1.0342,1,0.0,1
5b992a5224a3450001fa3454_study2_2022-11-23_10h53.20.433.csv,1.0,0.75,0.75,0.75,5.7748,1.0342,2,1.0,1
5b992a5224a3450001fa3454_study2_2022-11-23_10h53.20.433.csv,1.0,0.75,0.75,0.75,1.7268,1.0342,3,7.0,1
5b992a5224a3450001fa3454_study2_2022-11-23_10h53.20.433.csv,1.0,0.75,0.75,0.75,4.9342,1.0342,4,8.0,1
5b992a5224a3450001fa3454_study2_2022-11-23_10h53.20.433.csv,1.0,0.75,0.75,0.75,0.534,1.0342,5,4.0,1
5b992a5224a3450001fa3454_study2_2022-11-23_10h53.20.433.csv,1.0,0.75,0.75,0.75,0.5222,1.0342,6,6.0,1
61333a6aeba7e6f02294f861_study2_2022-11-23_10h51.25.338.csv,0.3333333333333333,0.5,1.0,1.0,1.8039,0.4367,1,7.0,0
61333a6aeba7e6f02294f861_study2_2022-11-23_10h51.25.338.csv,0.3333333333333333,0.5,1.0,1.0,1.6153,0.4367,2,6.0,1
61333a6aeba7e6f02294f861_study2_2022-11-23_10h51.25.338.csv,0.3333333333333333,0.5,1.0,1.0,5.2884,0.4367,3,8.0,1
61333a6aeba7e6f02294f861_study2_2022-11-23_10h51.25.338.csv,0.3333333333333333,0.5,1.0,1.0,1.5475,0.4367,4,3.0,0
61333a6aeba7e6f02294f861_study2_2022-11-23_10h51.25.338.csv,0.3333333333333333,0.5,1.0,1.0,4.4486,0.4367,5,4.0,0
61333a6aeba7e6f02294f861_study2_2022-11-23_10h51.25.338.csv,0.3333333333333333,0.5,1.0,1.0,2.0495,0.4367,6,0.0,0
58ae2cb09e040a000139af76_study2_2022-11-23_13h25.08.142.csv,0.5,0.5,1.0,1.0,0.8008,0.30415000000000003,1,6.0,0
58ae2cb09e040a000139af76_study2_2022-11-23_13h25.08.142.csv,0.5,0.5,1.0,1.0,0.7179,0.30415000000000003,2,4.0,1
58ae2cb09e040a000139af76_study2_2022-11-23_13h25.08.142.csv,0.5,0.5,1.0,1.0,0.701,0.30415000000000003,3,3.0,0
58ae2cb09e040a000139af76_study2_2022-11-23_13h25.08.142.csv,0.5,0.5,1.0,1.0,0.6319,0.30415000000000003,4,7.0,0
58ae2cb09e040a000139af76_study2_2022-11-23_13h25.08.142.csv,0.5,0.5,1.0,1.0,0.7179,0.30415000000000003,5,8.0,1
58ae2cb09e040a000139af76_study2_2022-11-23_13h25.08.142.csv,0.5,0.5,1.0,1.0,0.4841,0.30415000000000003,6,0.0,1
614d061aa0abbd89a703844f_study2_2022-11-22_02h01.28.559.csv,0.6666666666666666,0.5,1.0,1.0,3.0031,1.4856,1,4.0,1
614d061aa0abbd89a703844f_study2_2022-11-22_02h01.28.559.csv,0.6666666666666666,0.5,1.0,1.0,0.5188,1.4856,2,3.0,0
614d061aa0abbd89a703844f_study2_2022-11-22_02h01.28.559.csv,0.6666666666666666,0.5,1.0,1.0,2.0356,1.4856,3,2.0,1
614d061aa0abbd89a703844f_study2_2022-11-22_02h01.28.559.csv,0.6666666666666666,0.5,1.0,1.0,0.7837,1.4856,4,7.0,1
614d061aa0abbd89a703844f_study2_2022-11-22_02h01.28.559.csv,0.6666666666666666,0.5,1.0,1.0,0.6675,1.4856,5,0.0,0
614d061aa0abbd89a703844f_study2_2022-11-22_02h01.28.559.csv,0.6666666666666666,0.5,1.0,1.0,0.6194,1.4856,6,8.0,1
5789972670c76a00012433b3_study2_2022-11-23_10h52.52.333.csv,0.8333333333333334,0.75,0.75,0.75,1.5181,0.9590000000000001,1,8.0,1
5789972670c76a00012433b3_study2_2022-11-23_10h52.52.333.csv,0.8333333333333334,0.75,0.75,0.75,1.173,0.9590000000000001,2,1.0,1
5789972670c76a00012433b3_study2_2022-11-23_10h52.52.333.csv,0.8333333333333334,0.75,0.75,0.75,1.3785,0.9590000000000001,3,9.0,1
5789972670c76a00012433b3_study2_2022-11-23_10h52.52.333.csv,0.8333333333333334,0.75,0.75,0.75,1.2343,0.9590000000000001,4,0.0,1
5789972670c76a00012433b3_study2_2022-11-23_10h52.52.333.csv,0.8333333333333334,0.75,0.75,0.75,1.1008,0.9590000000000001,5,5.0,0
5789972670c76a00012433b3_study2_2022-11-23_10h52.52.333.csv,0.8333333333333334,0.75,0.75,0.75,1.1284,0.9590000000000001,6,3.0,1
5f42e037b2f15d1424da5187_study2_2022-11-22_14h06.27.765.csv,0.3333333333333333,0.5,1.0,0.25,0.8852,0.22710000000000002,1,0.0,0
5f42e037b2f15d1424da5187_study2_2022-11-22_14h06.27.765.csv,0.3333333333333333,0.5,1.0,0.25,1.0436,0.22710000000000002,2,3.0,0
5f42e037b2f15d1424da5187_study2_2022-11-22_14h06.27.765.csv,0.3333333333333333,0.5,1.0,0.25,0.6691,0.22710000000000002,3,6.0,0
5f42e037b2f15d1424da5187_study2_2022-11-22_14h06.27.765.csv,0.3333333333333333,0.5,1.0,0.25,0.6752,0.22710000000000002,4,4.0,0
5f42e037b2f15d1424da5187_study2_2022-11-22_14h06.27.765.csv,0.3333333333333333,0.5,1.0,0.25,0.8295,0.22710000000000002,5,5.0,1
5f42e037b2f15d1424da5187_study2_2022-11-22_14h06.27.765.csv,0.3333333333333333,0.5,1.0,0.25,0.6434,0.22710000000000002,6,1.0,1
5Caleb_study2_2022-11-23_09h22.30.683.csv,0.5,0.5,1.0,0.75,1.6182,0.37275,1,2.0,1
5Caleb_study2_2022-11-23_09h22.30.683.csv,0.5,0.5,1.0,0.75,3.934,0.37275,2,0.0,0
5Caleb_study2_2022-11-23_09h22.30.683.csv,0.5,0.5,1.0,0.75,0.6908,0.37275,3,7.0,0
5Caleb_study2_2022-11-23_09h22.30.683.csv,0.5,0.5,1.0,0.75,0.4359,0.37275,4,9.0,0
5Caleb_study2_2022-11-23_09h22.30.683.csv,0.5,0.5,1.0,0.75,0.4584,0.37275,5,5.0,1
5Caleb_study2_2022-11-23_09h22.30.683.csv,0.5,0.5,1.0,0.75,0.4197,0.37275,6,6.0,1
5fa25dd28b0f6842755417f3_study2_2022-11-23_10h51.23.419.csv,0.8333333333333334,0.5,1.0,0.75,0.5734,0.31320000000000003,1,8.0,1
5fa25dd28b0f6842755417f3_study2_2022-11-23_10h51.23.419.csv,0.8333333333333334,0.5,1.0,0.75,2.1381,0.31320000000000003,2,3.0,1
5fa25dd28b0f6842755417f3_study2_2022-11-23_10h51.23.419.csv,0.8333333333333334,0.5,1.0,0.75,0.4953,0.31320000000000003,3,2.0,1
5fa25dd28b0f6842755417f3_study2_2022-11-23_10h51.23.419.csv,0.8333333333333334,0.5,1.0,0.75,1.3213,0.31320000000000003,4,4.0,1
5fa25dd28b0f6842755417f3_study2_2022-11-23_10h51.23.419.csv,0.8333333333333334,0.5,1.0,0.75,0.5336,0.31320000000000003,5,1.0,0
5fa25dd28b0f6842755417f3_study2_2022-11-23_10h51.23.419.csv,0.8333333333333334,0.5,1.0,0.75,1.9716,0.31320000000000003,6,6.0,1
5d0ba121619661001a7f4fe6_study2_2022-11-23_11h55.18.874.csv,0.5,0.5,1.0,0.25,0.8217,0.3428,1,7.0,0
5d0ba121619661001a7f4fe6_study2_2022-11-23_11h55.18.874.csv,0.5,0.5,1.0,0.25,1.093,0.3428,2,5.0,0
5d0ba121619661001a7f4fe6_study2_2022-11-23_11h55.18.874.csv,0.5,0.5,1.0,0.25,0.9371,0.3428,3,8.0,1
5d0ba121619661001a7f4fe6_study2_2022-11-23_11h55.18.874.csv,0.5,0.5,1.0,0.25,1.6885,0.3428,4,0.0,1
5d0ba121619661001a7f4fe6_study2_2022-11-23_11h55.18.874.csv,0.5,0.5,1.0,0.25,1.3533,0.3428,5,1.0,1
5d0ba121619661001a7f4fe6_study2_2022-11-23_11h55.18.874.csv,0.5,0.5,1.0,0.25,0.7224,0.3428,6,9.0,0
5de00d05988d7c0877eaa15a_study2_2022-11-23_11h41.29.545.csv,0.8333333333333334,0.75,0.75,0.75,4.4296,0.29985,1,4.0,0
5de00d05988d7c0877eaa15a_study2_2022-11-23_11h41.29.545.csv,0.8333333333333334,0.75,0.75,0.75,3.0632,0.29985,2,2.0,1
5de00d05988d7c0877eaa15a_study2_2022-11-23_11h41.29.545.csv,0.8333333333333334,0.75,0.75,0.75,0.6002,0.29985,3,3.0,1
5de00d05988d7c0877eaa15a_study2_2022-11-23_11h41.29.545.csv,0.8333333333333334,0.75,0.75,0.75,0.6151,0.29985,4,8.0,1
5de00d05988d7c0877eaa15a_study2_2022-11-23_11h41.29.545.csv,0.8333333333333334,0.75,0.75,0.75,0.2814,0.29985,5,9.0,1
5de00d05988d7c0877eaa15a_study2_2022-11-23_11h41.29.545.csv,0.8333333333333334,0.75,0.75,0.75,0.3773,0.29985,6,5.0,1
601d1b8bca9e070519cdb841_study2_2022-11-23_11h54.05.161.csv,0.8333333333333334,0.5,1.0,0.25,0.9094,0.45285,1,6.0,0
601d1b8bca9e070519cdb841_study2_2022-11-23_11h54.05.161.csv,0.8333333333333334,0.5,1.0,0.25,0.12,0.45285,2,5.0,1
601d1b8bca9e070519cdb841_study2_2022-11-23_11h54.05.161.csv,0.8333333333333334,0.5,1.0,0.25,0.7945,0.45285,3,9.0,1
601d1b8bca9e070519cdb841_study2_2022-11-23_11h54.05.161.csv,0.8333333333333334,0.5,1.0,0.25,0.6854,0.45285,4,3.0,1
601d1b8bca9e070519cdb841_study2_2022-11-23_11h54.05.161.csv,0.8333333333333334,0.5,1.0,0.25,0.3354,0.45285,5,4.0,1
601d1b8bca9e070519cdb841_study2_2022-11-23_11h54.05.161.csv,0.8333333333333334,0.5,1.0,0.25,0.4861,0.45285,6,8.0,1
5ff4a242cbe069bc27d9278b_study2_2022-11-22_16h32.49.082.csv,0.6666666666666666,0.25,0.75,0.75,1.6833,0.23345,1,0.0,0
5ff4a242cbe069bc27d9278b_study2_2022-11-22_16h32.49.082.csv,0.6666666666666666,0.25,0.75,0.75,1.1505,0.23345,2,2.0,1
5ff4a242cbe069bc27d9278b_study2_2022-11-22_16h32.49.082.csv,0.6666666666666666,0.25,0.75,0.75,0.7878,0.23345,3,8.0,1
5ff4a242cbe069bc27d9278b_study2_2022-11-22_16h32.49.082.csv,0.6666666666666666,0.25,0.75,0.75,0.9895,0.23345,4,9.0,0
5ff4a242cbe069bc27d9278b_study2_2022-11-22_16h32.49.082.csv,0.6666666666666666,0.25,0.75,0.75,1.3989,0.23345,5,1.0,1
5ff4a242cbe069bc27d9278b_study2_2022-11-22_16h32.49.082.csv,0.6666666666666666,0.25,0.75,0.75,0.8009,0.23345,6,3.0,1
5f009c12dac7c81b0e9c0d06_study2_2022-11-23_10h55.40.223.csv,0.5,0.5,1.0,0.75,0.9004,0.7324,1,8.0,1
5f009c12dac7c81b0e9c0d06_study2_2022-11-23_10h55.40.223.csv,0.5,0.5,1.0,0.75,0.8433,0.7324,2,1.0,0
5f009c12dac7c81b0e9c0d06_study2_2022-11-23_10h55.40.223.csv,0.5,0.5,1.0,0.75,0.4981,0.7324,3,5.0,0
5f009c12dac7c81b0e9c0d06_study2_2022-11-23_10h55.40.223.csv,0.5,0.5,1.0,0.75,0.5832,0.7324,4,9.0,1
5f009c12dac7c81b0e9c0d06_study2_2022-11-23_10h55.40.223.csv,0.5,0.5,1.0,0.75,2.7632,0.7324,5,4.0,0
5f009c12dac7c81b0e9c0d06_study2_2022-11-23_10h55.40.223.csv,0.5,0.5,1.0,0.75,0.7497,0.7324,6,3.0,1
5fbfe145e52a44000a9c2966_study2_2022-11-23_10h58.38.413.csv,1.0,0.5,1.0,0.0,8.8238,0.7375,1,1.0,1
5fbfe145e52a44000a9c2966_study2_2022-11-23_10h58.38.413.csv,1.0,0.5,1.0,0.0,2.4284,0.7375,2,4.0,1
5fbfe145e52a44000a9c2966_study2_2022-11-23_10h58.38.413.csv,1.0,0.5,1.0,0.0,4.9731,0.7375,3,7.0,1
5fbfe145e52a44000a9c2966_study2_2022-11-23_10h58.38.413.csv,1.0,0.5,1.0,0.0,1.8297,0.7375,4,8.0,1
5fbfe145e52a44000a9c2966_study2_2022-11-23_10h58.38.413.csv,1.0,0.5,1.0,0.0,7.4694,0.7375,5,3.0,1
5fbfe145e52a44000a9c2966_study2_2022-11-23_10h58.38.413.csv,1.0,0.5,1.0,0.0,1.654,0.7375,6,5.0,1
5PARTICIPANT_study2_2022-11-23_11h53.11.001.csv,0.6666666666666666,0.25,0.25,0.5,3.6586,0.8605,1,3.0,0
5PARTICIPANT_study2_2022-11-23_11h53.11.001.csv,0.6666666666666666,0.25,0.25,0.5,4.008,0.8605,2,4.0,1
5PARTICIPANT_study2_2022-11-23_11h53.11.001.csv,0.6666666666666666,0.25,0.25,0.5,2.1819,0.8605,3,2.0,1
5PARTICIPANT_study2_2022-11-23_11h53.11.001.csv,0.6666666666666666,0.25,0.25,0.5,1.4295,0.8605,4,6.0,0
5PARTICIPANT_study2_2022-11-23_11h53.11.001.csv,0.6666666666666666,0.25,0.25,0.5,0.702,0.8605,5,5.0,1
5PARTICIPANT_study2_2022-11-23_11h53.11.001.csv,0.6666666666666666,0.25,0.25,0.5,0.8316,0.8605,6,9.0,1
5f1bf7bb9f48184274051108_study2_2022-11-23_09h51.40.832.csv,0.6666666666666666,0.75,0.75,0.25,1.1667,0.9836,1,0.0,1
5f1bf7bb9f48184274051108_study2_2022-11-23_09h51.40.832.csv,0.6666666666666666,0.75,0.75,0.25,1.3692,0.9836,2,7.0,1
5f1bf7bb9f48184274051108_study2_2022-11-23_09h51.40.832.csv,0.6666666666666666,0.75,0.75,0.25,1.802,0.9836,3,5.0,0
5f1bf7bb9f48184274051108_study2_2022-11-23_09h51.40.832.csv,0.6666666666666666,0.75,0.75,0.25,0.7082,0.9836,4,4.0,1
5f1bf7bb9f48184274051108_study2_2022-11-23_09h51.40.832.csv,0.6666666666666666,0.75,0.75,0.25,0.588,0.9836,5,2.0,1
5f1bf7bb9f48184274051108_study2_2022-11-23_09h51.40.832.csv,0.6666666666666666,0.75,0.75,0.25,1.1348,0.9836,6,8.0,0
60b8db5feb283b86cce8de9f_study2_2022-11-23_11h56.57.014.csv,0.5,0.75,0.75,0.25,1.1589,0.852,1,1.0,0
60b8db5feb283b86cce8de9f_study2_2022-11-23_11h56.57.014.csv,0.5,0.75,0.75,0.25,0.8678,0.852,2,4.0,1
60b8db5feb283b86cce8de9f_study2_2022-11-23_11h56.57.014.csv,0.5,0.75,0.75,0.25,0.6747,0.852,3,3.0,1
60b8db5feb283b86cce8de9f_study2_2022-11-23_11h56.57.014.csv,0.5,0.75,0.75,0.25,0.5844,0.852,4,5.0,1
60b8db5feb283b86cce8de9f_study2_2022-11-23_11h56.57.014.csv,0.5,0.75,0.75,0.25,0.8685,0.852,5,0.0,0
60b8db5feb283b86cce8de9f_study2_2022-11-23_11h56.57.014.csv,0.5,0.75,0.75,0.25,1.0836,0.852,6,9.0,0
5e1b2b3e4a955b350b1e0a63_study2_2022-11-23_09h52.24.834.csv,0.3333333333333333,0.75,0.25,0.5,3.4157,0.99385,1,1.0,1
5e1b2b3e4a955b350b1e0a63_study2_2022-11-23_09h52.24.834.csv,0.3333333333333333,0.75,0.25,0.5,1.5589,0.99385,2,4.0,0
5e1b2b3e4a955b350b1e0a63_study2_2022-11-23_09h52.24.834.csv,0.3333333333333333,0.75,0.25,0.5,0.6898,0.99385,3,3.0,0
5e1b2b3e4a955b350b1e0a63_study2_2022-11-23_09h52.24.834.csv,0.3333333333333333,0.75,0.25,0.5,0.6836,0.99385,4,7.0,1
5e1b2b3e4a955b350b1e0a63_study2_2022-11-23_09h52.24.834.csv,0.3333333333333333,0.75,0.25,0.5,0.6171,0.99385,5,6.0,0
5e1b2b3e4a955b350b1e0a63_study2_2022-11-23_09h52.24.834.csv,0.3333333333333333,0.75,0.25,0.5,0.6736,0.99385,6,9.0,0
5PARTICIPANT_study2_2022-11-23_10h51.57.760.csv,0.0,0.5,1.0,1.0,9.4198,0.40249999999999997,1,2.0,0
5PARTICIPANT_study2_2022-11-23_10h51.57.760.csv,0.0,0.5,1.0,1.0,1.7758,0.40249999999999997,2,3.0,0
5PARTICIPANT_study2_2022-11-23_10h51.57.760.csv,0.0,0.5,1.0,1.0,0.9019,0.40249999999999997,3,4.0,0
5PARTICIPANT_study2_2022-11-23_10h51.57.760.csv,0.0,0.5,1.0,1.0,0.8688,0.40249999999999997,4,1.0,0
5PARTICIPANT_study2_2022-11-23_10h51.57.760.csv,0.0,0.5,1.0,1.0,0.772,0.40249999999999997,5,6.0,0
5PARTICIPANT_study2_2022-11-23_10h51.57.760.csv,0.0,0.5,1.0,1.0,1.5092,0.40249999999999997,6,8.0,0
5d00bb3b51669b000136a986_study2_2022-11-23_11h09.39.470.csv,1.0,0.5,1.0,0.5,3.282,0.9235,1,5.0,1
5d00bb3b51669b000136a986_study2_2022-11-23_11h09.39.470.csv,1.0,0.5,1.0,0.5,0.587,0.9235,2,8.0,1
5d00bb3b51669b000136a986_study2_2022-11-23_11h09.39.470.csv,1.0,0.5,1.0,0.5,0.56,0.9235,3,7.0,1
5d00bb3b51669b000136a986_study2_2022-11-23_11h09.39.470.csv,1.0,0.5,1.0,0.5,0.619,0.9235,4,4.0,1
5d00bb3b51669b000136a986_study2_2022-11-23_11h09.39.470.csv,1.0,0.5,1.0,0.5,0.686,0.9235,5,3.0,1
5d00bb3b51669b000136a986_study2_2022-11-23_11h09.39.470.csv,1.0,0.5,1.0,0.5,0.357,0.9235,6,1.0,1
5Loredana_study2_2022-11-23_10h54.43.783.csv,0.3333333333333333,0.5,1.0,0.5,1.0003,0.2668,1,7.0,1
5Loredana_study2_2022-11-23_10h54.43.783.csv,0.3333333333333333,0.5,1.0,0.5,1.6836,0.2668,2,6.0,0
5Loredana_study2_2022-11-23_10h54.43.783.csv,0.3333333333333333,0.5,1.0,0.5,0.4495,0.2668,3,0.0,0
5Loredana_study2_2022-11-23_10h54.43.783.csv,0.3333333333333333,0.5,1.0,0.5,0.6003,0.2668,4,4.0,0
5Loredana_study2_2022-11-23_10h54.43.783.csv,0.3333333333333333,0.5,1.0,0.5,0.3335,0.2668,5,2.0,0
5Loredana_study2_2022-11-23_10h54.43.783.csv,0.3333333333333333,0.5,1.0,0.5,0.7248,0.2668,6,9.0,1
60ddfb3db6a71ad9ba75e387_study2_2022-11-23_11h15.19.267.csv,0.8333333333333334,0.5,1.0,0.5,1.502,0.369,1,8.0,1
60ddfb3db6a71ad9ba75e387_study2_2022-11-23_11h15.19.267.csv,0.8333333333333334,0.5,1.0,0.5,0.502,0.369,2,3.0,1
60ddfb3db6a71ad9ba75e387_study2_2022-11-23_11h15.19.267.csv,0.8333333333333334,0.5,1.0,0.5,1.618,0.369,3,6.0,0
60ddfb3db6a71ad9ba75e387_study2_2022-11-23_11h15.19.267.csv,0.8333333333333334,0.5,1.0,0.5,0.552,0.369,4,4.0,1
60ddfb3db6a71ad9ba75e387_study2_2022-11-23_11h15.19.267.csv,0.8333333333333334,0.5,1.0,0.5,0.418,0.369,5,2.0,1
60ddfb3db6a71ad9ba75e387_study2_2022-11-23_11h15.19.267.csv,0.8333333333333334,0.5,1.0,0.5,0.418,0.369,6,5.0,1
617406fbfced12169896d158_study2_2022-11-23_09h58.31.144.csv,0.5,0.5,1.0,1.0,5.1065,0.6209,1,2.0,1
617406fbfced12169896d158_study2_2022-11-23_09h58.31.144.csv,0.5,0.5,1.0,1.0,1.0064,0.6209,2,7.0,1
617406fbfced12169896d158_study2_2022-11-23_09h58.31.144.csv,0.5,0.5,1.0,1.0,3.4747,0.6209,3,6.0,0
617406fbfced12169896d158_study2_2022-11-23_09h58.31.144.csv,0.5,0.5,1.0,1.0,1.8963,0.6209,4,3.0,0
617406fbfced12169896d158_study2_2022-11-23_09h58.31.144.csv,0.5,0.5,1.0,1.0,1.1548,0.6209,5,9.0,1
617406fbfced12169896d158_study2_2022-11-23_09h58.31.144.csv,0.5,0.5,1.0,1.0,1.6437,0.6209,6,0.0,0
5c90ca85283c32001673f991_study2_2022-11-22_14h06.18.837.csv,1.0,0.75,0.75,0.25,7.2356,1.15495,1,1.0,1
5c90ca85283c32001673f991_study2_2022-11-22_14h06.18.837.csv,1.0,0.75,0.75,0.25,1.2589,1.15495,2,2.0,1
5c90ca85283c32001673f991_study2_2022-11-22_14h06.18.837.csv,1.0,0.75,0.75,0.25,0.5639,1.15495,3,0.0,1
5c90ca85283c32001673f991_study2_2022-11-22_14h06.18.837.csv,1.0,0.75,0.75,0.25,0.5022,1.15495,4,5.0,1
5c90ca85283c32001673f991_study2_2022-11-22_14h06.18.837.csv,1.0,0.75,0.75,0.25,0.5693,1.15495,5,3.0,1
5c90ca85283c32001673f991_study2_2022-11-22_14h06.18.837.csv,1.0,0.75,0.75,0.25,0.7678,1.15495,6,9.0,1
5d68c8aa40524c00189e8ac2_study2_2022-11-23_10h16.02.739.csv,0.0,0.5,1.0,1.0,1.1577,0.83885,1,1.0,0
5d68c8aa40524c00189e8ac2_study2_2022-11-23_10h16.02.739.csv,0.0,0.5,1.0,1.0,0.8189,0.83885,2,0.0,0
5d68c8aa40524c00189e8ac2_study2_2022-11-23_10h16.02.739.csv,0.0,0.5,1.0,1.0,0.6331,0.83885,3,5.0,0
5d68c8aa40524c00189e8ac2_study2_2022-11-23_10h16.02.739.csv,0.0,0.5,1.0,1.0,0.8987,0.83885,4,8.0,0
5d68c8aa40524c00189e8ac2_study2_2022-11-23_10h16.02.739.csv,0.0,0.5,1.0,1.0,0.4648,0.83885,5,9.0,0
5d68c8aa40524c00189e8ac2_study2_2022-11-23_10h16.02.739.csv,0.0,0.5,1.0,1.0,0.36,0.83885,6,6.0,0
5e31a1526ef37a1879a94441_study2_2022-11-23_09h51.21.426.csv,0.6666666666666666,0.5,1.0,0.0,2.393,0.3945,1,8.0,0
5e31a1526ef37a1879a94441_study2_2022-11-23_09h51.21.426.csv,0.6666666666666666,0.5,1.0,0.0,4.097,0.3945,2,7.0,1
5e31a1526ef37a1879a94441_study2_2022-11-23_09h51.21.426.csv,0.6666666666666666,0.5,1.0,0.0,0.902,0.3945,3,6.0,1
5e31a1526ef37a1879a94441_study2_2022-11-23_09h51.21.426.csv,0.6666666666666666,0.5,1.0,0.0,0.788,0.3945,4,3.0,1
5e31a1526ef37a1879a94441_study2_2022-11-23_09h51.21.426.csv,0.6666666666666666,0.5,1.0,0.0,0.762,0.3945,5,0.0,1
5e31a1526ef37a1879a94441_study2_2022-11-23_09h51.21.426.csv,0.6666666666666666,0.5,1.0,0.0,0.581,0.3945,6,5.0,0
601af58d7a38a0411f4605c9_study2_2022-11-23_10h51.30.419.csv,0.6666666666666666,0.5,1.0,0.5,1.8581,0.2314,1,2.0,1
601af58d7a38a0411f4605c9_study2_2022-11-23_10h51.30.419.csv,0.6666666666666666,0.5,1.0,0.5,1.7421,0.2314,2,8.0,0
601af58d7a38a0411f4605c9_study2_2022-11-23_10h51.30.419.csv,0.6666666666666666,0.5,1.0,0.5,0.3274,0.2314,3,1.0,1
601af58d7a38a0411f4605c9_study2_2022-11-23_10h51.30.419.csv,0.6666666666666666,0.5,1.0,0.5,0.462,0.2314,4,4.0,1
601af58d7a38a0411f4605c9_study2_2022-11-23_10h51.30.419.csv,0.6666666666666666,0.5,1.0,0.5,0.3977,0.2314,5,3.0,1
601af58d7a38a0411f4605c9_study2_2022-11-23_10h51.30.419.csv,0.6666666666666666,0.5,1.0,0.5,0.346,0.2314,6,6.0,0
5df2235d5a34251266ea645e_study2_2022-11-23_11h39.52.089.csv,0.8333333333333334,0.5,1.0,1.0,1.0513,0.7965,1,8.0,0
5df2235d5a34251266ea645e_study2_2022-11-23_11h39.52.089.csv,0.8333333333333334,0.5,1.0,1.0,0.7872,0.7965,2,5.0,1
5df2235d5a34251266ea645e_study2_2022-11-23_11h39.52.089.csv,0.8333333333333334,0.5,1.0,1.0,0.5012,0.7965,3,4.0,1
5df2235d5a34251266ea645e_study2_2022-11-23_11h39.52.089.csv,0.8333333333333334,0.5,1.0,1.0,0.9406,0.7965,4,2.0,1
5df2235d5a34251266ea645e_study2_2022-11-23_11h39.52.089.csv,0.8333333333333334,0.5,1.0,1.0,3.993,0.7965,5,9.0,1
5df2235d5a34251266ea645e_study2_2022-11-23_11h39.52.089.csv,0.8333333333333334,0.5,1.0,1.0,0.81,0.7965,6,3.0,1
5PARTICIPANT_study2_2022-11-23_11h51.47.768.csv,0.6666666666666666,0.75,0.75,0.25,17.6542,1.2132,1,8.0,0
5PARTICIPANT_study2_2022-11-23_11h51.47.768.csv,0.6666666666666666,0.75,0.75,0.25,13.6105,1.2132,2,1.0,1
5PARTICIPANT_study2_2022-11-23_11h51.47.768.csv,0.6666666666666666,0.75,0.75,0.25,14.5862,1.2132,3,5.0,1
5PARTICIPANT_study2_2022-11-23_11h51.47.768.csv,0.6666666666666666,0.75,0.75,0.25,26.0144,1.2132,4,9.0,0
5PARTICIPANT_study2_2022-11-23_11h51.47.768.csv,0.6666666666666666,0.75,0.75,0.25,5.8394,1.2132,5,6.0,1
5PARTICIPANT_study2_2022-11-23_11h51.47.768.csv,0.6666666666666666,0.75,0.75,0.25,7.8784,1.2132,6,3.0,1
609568823ff056b77e565445_study2_2022-11-22_13h59.57.028.csv,0.6666666666666666,0.5,1.0,0.0,0.9864,0.7171,1,7.0,1
609568823ff056b77e565445_study2_2022-11-22_13h59.57.028.csv,0.6666666666666666,0.5,1.0,0.0,0.4176,0.7171,2,1.0,1
609568823ff056b77e565445_study2_2022-11-22_13h59.57.028.csv,0.6666666666666666,0.5,1.0,0.0,0.4079,0.7171,3,9.0,0
609568823ff056b77e565445_study2_2022-11-22_13h59.57.028.csv,0.6666666666666666,0.5,1.0,0.0,0.4656,0.7171,4,0.0,1
609568823ff056b77e565445_study2_2022-11-22_13h59.57.028.csv,0.6666666666666666,0.5,1.0,0.0,0.3004,0.7171,5,2.0,1
609568823ff056b77e565445_study2_2022-11-22_13h59.57.028.csv,0.6666666666666666,0.5,1.0,0.0,0.2893,0.7171,6,6.0,0
5db1bba0e20f58000b8717f6_study2_2022-11-23_11h57.41.157.csv,0.3333333333333333,0.5,0.5,0.25,2.1059,0.9876,1,0.0,0
5db1bba0e20f58000b8717f6_study2_2022-11-23_11h57.41.157.csv,0.3333333333333333,0.5,0.5,0.25,0.754,0.9876,2,8.0,0
5db1bba0e20f58000b8717f6_study2_2022-11-23_11h57.41.157.csv,0.3333333333333333,0.5,0.5,0.25,1.4558,0.9876,3,1.0,0
5db1bba0e20f58000b8717f6_study2_2022-11-23_11h57.41.157.csv,0.3333333333333333,0.5,0.5,0.25,1.5738,0.9876,4,3.0,0
5db1bba0e20f58000b8717f6_study2_2022-11-23_11h57.41.157.csv,0.3333333333333333,0.5,0.5,0.25,1.6338,0.9876,5,4.0,1
5db1bba0e20f58000b8717f6_study2_2022-11-23_11h57.41.157.csv,0.3333333333333333,0.5,0.5,0.25,0.6045,0.9876,6,9.0,1
5ea1965fc546e204bb568292_study2_2022-11-23_10h51.08.039.csv,0.3333333333333333,0.5,0.5,0.75,0.6168,0.9517,1,8.0,0
5ea1965fc546e204bb568292_study2_2022-11-23_10h51.08.039.csv,0.3333333333333333,0.5,0.5,0.75,0.5537,0.9517,2,5.0,0
5ea1965fc546e204bb568292_study2_2022-11-23_10h51.08.039.csv,0.3333333333333333,0.5,0.5,0.75,0.4253,0.9517,3,2.0,1
5ea1965fc546e204bb568292_study2_2022-11-23_10h51.08.039.csv,0.3333333333333333,0.5,0.5,0.75,0.5269,0.9517,4,7.0,0
5ea1965fc546e204bb568292_study2_2022-11-23_10h51.08.039.csv,0.3333333333333333,0.5,0.5,0.75,0.8665,0.9517,5,0.0,0
5ea1965fc546e204bb568292_study2_2022-11-23_10h51.08.039.csv,0.3333333333333333,0.5,0.5,0.75,0.4609,0.9517,6,6.0,1
595ceea8dd044900012ce64a_study2_2022-11-23_09h51.24.946.csv,0.3333333333333333,0.5,1.0,0.0,1.1336,0.74475,1,5.0,1
595ceea8dd044900012ce64a_study2_2022-11-23_09h51.24.946.csv,0.3333333333333333,0.5,1.0,0.0,0.7845,0.74475,2,3.0,1
595ceea8dd044900012ce64a_study2_2022-11-23_09h51.24.946.csv,0.3333333333333333,0.5,1.0,0.0,0.9881,0.74475,3,2.0,0
595ceea8dd044900012ce64a_study2_2022-11-23_09h51.24.946.csv,0.3333333333333333,0.5,1.0,0.0,0.0553,0.74475,4,6.0,0
595ceea8dd044900012ce64a_study2_2022-11-23_09h51.24.946.csv,0.3333333333333333,0.5,1.0,0.0,1.3649,0.74475,5,4.0,0
595ceea8dd044900012ce64a_study2_2022-11-23_09h51.24.946.csv,0.3333333333333333,0.5,1.0,0.0,0.64,0.74475,6,9.0,0
6165cce4ebbd0d82c75e40fc_study2_2022-11-23_11h53.08.899.csv,0.8333333333333334,0.5,1.0,0.0,1.1786,0.34340000000000004,1,6.0,1
6165cce4ebbd0d82c75e40fc_study2_2022-11-23_11h53.08.899.csv,0.8333333333333334,0.5,1.0,0.0,0.8621,0.34340000000000004,2,4.0,0
6165cce4ebbd0d82c75e40fc_study2_2022-11-23_11h53.08.899.csv,0.8333333333333334,0.5,1.0,0.0,0.5098,0.34340000000000004,3,3.0,1
6165cce4ebbd0d82c75e40fc_study2_2022-11-23_11h53.08.899.csv,0.8333333333333334,0.5,1.0,0.0,0.4137,0.34340000000000004,4,9.0,1
6165cce4ebbd0d82c75e40fc_study2_2022-11-23_11h53.08.899.csv,0.8333333333333334,0.5,1.0,0.0,0.5281,0.34340000000000004,5,2.0,1
6165cce4ebbd0d82c75e40fc_study2_2022-11-23_11h53.08.899.csv,0.8333333333333334,0.5,1.0,0.0,0.7259,0.34340000000000004,6,8.0,1
591a1f4800a5650001276188_study2_2022-11-23_11h03.13.123.csv,0.5,0.75,0.75,1.0,0.667,0.199,1,6.0,1
591a1f4800a5650001276188_study2_2022-11-23_11h03.13.123.csv,0.5,0.75,0.75,1.0,2.741,0.199,2,1.0,1
591a1f4800a5650001276188_study2_2022-11-23_11h03.13.123.csv,0.5,0.75,0.75,1.0,0.62,0.199,3,2.0,0
591a1f4800a5650001276188_study2_2022-11-23_11h03.13.123.csv,0.5,0.75,0.75,1.0,0.502,0.199,4,5.0,0
591a1f4800a5650001276188_study2_2022-11-23_11h03.13.123.csv,0.5,0.75,0.75,1.0,1.771,0.199,5,8.0,0
591a1f4800a5650001276188_study2_2022-11-23_11h03.13.123.csv,0.5,0.75,0.75,1.0,0.355,0.199,6,4.0,1
5PARTICIPANT_study2_2022-11-23_09h51.04.928.csv,0.8333333333333334,0.5,1.0,0.75,2.3907,1.0677,1,4.0,1
5PARTICIPANT_study2_2022-11-23_09h51.04.928.csv,0.8333333333333334,0.5,1.0,0.75,1.3073,1.0677,2,2.0,1
5PARTICIPANT_study2_2022-11-23_09h51.04.928.csv,0.8333333333333334,0.5,1.0,0.75,1.7011,1.0677,3,1.0,1
5PARTICIPANT_study2_2022-11-23_09h51.04.928.csv,0.8333333333333334,0.5,1.0,0.75,4.6014,1.0677,4,7.0,1
5PARTICIPANT_study2_2022-11-23_09h51.04.928.csv,0.8333333333333334,0.5,1.0,0.75,2.3179,1.0677,5,9.0,1
5PARTICIPANT_study2_2022-11-23_09h51.04.928.csv,0.8333333333333334,0.5,1.0,0.75,1.3672,1.0677,6,3.0,0
63174af7d57182f9bf90c094_study2_2022-11-23_09h51.09.126.csv,0.5,0.5,1.0,0.25,0.948,0.621,1,6.0,1
63174af7d57182f9bf90c094_study2_2022-11-23_09h51.09.126.csv,0.5,0.5,1.0,0.25,0.785,0.621,2,7.0,1
63174af7d57182f9bf90c094_study2_2022-11-23_09h51.09.126.csv,0.5,0.5,1.0,0.25,0.991,0.621,3,1.0,0
63174af7d57182f9bf90c094_study2_2022-11-23_09h51.09.126.csv,0.5,0.5,1.0,0.25,1.029,0.621,4,5.0,0
63174af7d57182f9bf90c094_study2_2022-11-23_09h51.09.126.csv,0.5,0.5,1.0,0.25,0.934,0.621,5,4.0,1
63174af7d57182f9bf90c094_study2_2022-11-23_09h51.09.126.csv,0.5,0.5,1.0,0.25,1.375,0.621,6,2.0,0
5PARTICIPANT_study2_2022-11-23_11h50.53.811.csv,0.6666666666666666,0.5,1.0,1.0,2.0064,1.1315,1,3.0,0
5PARTICIPANT_study2_2022-11-23_11h50.53.811.csv,0.6666666666666666,0.5,1.0,1.0,0.1383,1.1315,2,0.0,1
5PARTICIPANT_study2_2022-11-23_11h50.53.811.csv,0.6666666666666666,0.5,1.0,1.0,0.8201,1.1315,3,4.0,1
5PARTICIPANT_study2_2022-11-23_11h50.53.811.csv,0.6666666666666666,0.5,1.0,1.0,2.2759,1.1315,4,2.0,1
5PARTICIPANT_study2_2022-11-23_11h50.53.811.csv,0.6666666666666666,0.5,1.0,1.0,0.7682,1.1315,5,7.0,0
5PARTICIPANT_study2_2022-11-23_11h50.53.811.csv,0.6666666666666666,0.5,1.0,1.0,0.1455,1.1315,6,5.0,1
60a50457d02bfc23c02d4717_study2_2022-11-23_11h52.24.756.csv,0.6666666666666666,0.5,1.0,1.0,6.0068,1.0087000000000002,1,5.0,1
60a50457d02bfc23c02d4717_study2_2022-11-23_11h52.24.756.csv,0.6666666666666666,0.5,1.0,1.0,3.4056,1.0087000000000002,2,1.0,0
60a50457d02bfc23c02d4717_study2_2022-11-23_11h52.24.756.csv,0.6666666666666666,0.5,1.0,1.0,0.9541,1.0087000000000002,3,9.0,1
60a50457d02bfc23c02d4717_study2_2022-11-23_11h52.24.756.csv,0.6666666666666666,0.5,1.0,1.0,1.924,1.0087000000000002,4,0.0,1
60a50457d02bfc23c02d4717_study2_2022-11-23_11h52.24.756.csv,0.6666666666666666,0.5,1.0,1.0,0.8037,1.0087000000000002,5,8.0,1
60a50457d02bfc23c02d4717_study2_2022-11-23_11h52.24.756.csv,0.6666666666666666,0.5,1.0,1.0,0.9733,1.0087000000000002,6,3.0,0
60e07fb75b201859ff688f91_study2_2022-11-23_12h05.15.406.csv,0.6666666666666666,0.5,1.0,0.0,2.7155,0.34525,1,5.0,1
60e07fb75b201859ff688f91_study2_2022-11-23_12h05.15.406.csv,0.6666666666666666,0.5,1.0,0.0,0.5338,0.34525,2,8.0,1
60e07fb75b201859ff688f91_study2_2022-11-23_12h05.15.406.csv,0.6666666666666666,0.5,1.0,0.0,0.0852,0.34525,3,3.0,1
60e07fb75b201859ff688f91_study2_2022-11-23_12h05.15.406.csv,0.6666666666666666,0.5,1.0,0.0,0.3349,0.34525,4,9.0,1
60e07fb75b201859ff688f91_study2_2022-11-23_12h05.15.406.csv,0.6666666666666666,0.5,1.0,0.0,0.6337,0.34525,5,2.0,0
60e07fb75b201859ff688f91_study2_2022-11-23_12h05.15.406.csv,0.6666666666666666,0.5,1.0,0.0,0.8581,0.34525,6,0.0,0
5PARTICIPANT_study2_2022-11-23_09h52.22.659.csv,0.3333333333333333,0.5,1.0,1.0,1.1907,0.5063,1,2.0,1
5PARTICIPANT_study2_2022-11-23_09h52.22.659.csv,0.3333333333333333,0.5,1.0,1.0,0.0833,0.5063,2,1.0,0
5PARTICIPANT_study2_2022-11-23_09h52.22.659.csv,0.3333333333333333,0.5,1.0,1.0,1.0297,0.5063,3,0.0,0
5PARTICIPANT_study2_2022-11-23_09h52.22.659.csv,0.3333333333333333,0.5,1.0,1.0,0.4045,0.5063,4,9.0,1
5PARTICIPANT_study2_2022-11-23_09h52.22.659.csv,0.3333333333333333,0.5,1.0,1.0,0.3661,0.5063,5,5.0,0
5PARTICIPANT_study2_2022-11-23_09h52.22.659.csv,0.3333333333333333,0.5,1.0,1.0,1.4528,0.5063,6,6.0,0
5de42a01a7cb2401ccc682c3_study2_2022-11-23_11h28.58.420.csv,0.5,0.5,1.0,1.0,0.998,1.017,1,1.0,0
5de42a01a7cb2401ccc682c3_study2_2022-11-23_11h28.58.420.csv,0.5,0.5,1.0,1.0,0.641,1.017,2,6.0,0
5de42a01a7cb2401ccc682c3_study2_2022-11-23_11h28.58.420.csv,0.5,0.5,1.0,1.0,0.7265,1.017,3,7.0,1
5de42a01a7cb2401ccc682c3_study2_2022-11-23_11h28.58.420.csv,0.5,0.5,1.0,1.0,1.8112,1.017,4,3.0,1
5de42a01a7cb2401ccc682c3_study2_2022-11-23_11h28.58.420.csv,0.5,0.5,1.0,1.0,0.5612,1.017,5,5.0,0
5de42a01a7cb2401ccc682c3_study2_2022-11-23_11h28.58.420.csv,0.5,0.5,1.0,1.0,0.4854,1.017,6,0.0,1
