,sub,SR Evidence,bias_highbaserate,pre_map_change,post_map_change,rt_planning_pr,median_RT_actionselection,trial_num,planning_q,PR_individual_answers,experiment,log_rt_planning,PR,MB,BR
0,55b2d3f2fdf99b525bc839aa_study6_2023-08-14_11h59.05.301.csv,0.333333333,0.25,0.0,0.0,14.3636,0.8801,1,5,1,1,2.792416970182193,-0.6017684290957245,-0.8512688978323589,-2.1968348900279673
1,55b2d3f2fdf99b525bc839aa_study6_2023-08-14_11h59.05.301.csv,0.333333333,0.25,0.0,0.0,13.8355,0.8801,2,2,0,1,2.7549574944122877,-0.6017684290957245,-0.8512688978323589,-2.1968348900279673
2,55b2d3f2fdf99b525bc839aa_study6_2023-08-14_11h59.05.301.csv,0.333333333,0.25,0.0,0.0,8.5645,0.8801,3,6,0,1,2.2753454945582736,-0.6017684290957245,-0.8512688978323589,-2.1968348900279673
3,63eae4994d8e22b28bccb864_study6_2023-08-18_01h08.41.365.csv,0.666666667,0.5,0.5,0.25,0.642,1.115,1,6,0,1,-0.5520213802042578,-0.9351017630957245,-0.6012688978323589,-1.9468348900279673
4,63eae4994d8e22b28bccb864_study6_2023-08-18_01h08.41.365.csv,0.666666667,0.5,0.5,0.25,0.502,1.115,2,2,0,1,-0.79800956420249,-0.9351017630957245,-0.6012688978323589,-1.9468348900279673
5,63eae4994d8e22b28bccb864_study6_2023-08-18_01h08.41.365.csv,0.666666667,0.5,0.5,0.25,0.367,1.115,3,0,0,1,-1.1112478358396487,-0.9351017630957245,-0.6012688978323589,-1.9468348900279673
6,63eae4994d8e22b28bccb864_study6_2023-08-18_01h08.41.365.csv,0.666666667,0.5,0.5,0.25,0.653,1.115,4,4,0,1,-0.535032554617788,-0.9351017630957245,-0.6012688978323589,-1.9468348900279673
7,5eb32b8adc8fc511560fca82_study6_2023-08-17_20h08.36.015.csv,0.333333333,0.0,0.25,0.0,1.7091,0.8571,1,5,0,1,0.6901675972496226,-0.6017684290957245,-0.8512688978323589,-2.4468348900279673
8,5eb32b8adc8fc511560fca82_study6_2023-08-17_20h08.36.015.csv,0.333333333,0.0,0.25,0.0,2.1683,0.8571,2,4,1,1,0.9281441314653348,-0.6017684290957245,-0.8512688978323589,-2.4468348900279673
9,5eb32b8adc8fc511560fca82_study6_2023-08-17_20h08.36.015.csv,0.333333333,0.0,0.25,0.0,0.9334,0.8571,3,0,0,1,0.08527923561087819,-0.6017684290957245,-0.8512688978323589,-2.4468348900279673
10,5eb32b8adc8fc511560fca82_study6_2023-08-17_20h08.36.015.csv,0.333333333,0.0,0.25,0.0,0.1341,0.8571,4,3,1,1,-1.8549688076172042,-0.6017684290957245,-0.8512688978323589,-2.4468348900279673
11,5edeea354d54cb1a825aa8f9_study6_2023-08-18_01h08.35.051.csv,0.5,0.5,0.5,0.0,3.707,1.117,1,1,1,1,1.1995764040815315,-0.7684350960957245,-0.8512688978323589,-1.9468348900279673
12,5edeea354d54cb1a825aa8f9_study6_2023-08-18_01h08.35.051.csv,0.5,0.5,0.5,0.0,2.592,1.117,2,0,0,1,0.8417832584029645,-0.7684350960957245,-0.8512688978323589,-1.9468348900279673
13,5edeea354d54cb1a825aa8f9_study6_2023-08-18_01h08.35.051.csv,0.5,0.5,0.5,0.0,1.24,1.117,3,7,0,1,0.10446485952988176,-0.7684350960957245,-0.8512688978323589,-1.9468348900279673
14,5edeea354d54cb1a825aa8f9_study6_2023-08-18_01h08.35.051.csv,0.5,0.5,0.5,0.0,1.27,1.117,4,5,0,1,0.1283703803834363,-0.7684350960957245,-0.8512688978323589,-1.9468348900279673
15,64139d773ac9a0278d479b1c_study6_2023-08-14_15h13.26.605.csv,0.666666667,0.5,0.5,0.25,2.6572,0.9356,1,7,0,1,1.0438401810810622,-0.9351017630957245,-0.6012688978323589,-1.9468348900279673
16,64139d773ac9a0278d479b1c_study6_2023-08-14_15h13.26.605.csv,0.666666667,0.5,0.5,0.25,1.5713,0.9356,2,1,0,1,0.5184705464860622,-0.9351017630957245,-0.6012688978323589,-1.9468348900279673
17,64139d773ac9a0278d479b1c_study6_2023-08-14_15h13.26.605.csv,0.666666667,0.5,0.5,0.25,4.0775,0.9356,3,3,0,1,1.472051299785145,-0.9351017630957245,-0.6012688978323589,-1.9468348900279673
18,64139d773ac9a0278d479b1c_study6_2023-08-14_15h13.26.605.csv,0.666666667,0.5,0.5,0.25,3.677,0.9356,4,4,0,1,1.368664446591248,-0.9351017630957245,-0.6012688978323589,-1.9468348900279673
19,5f280d1533b5cf085a06e2ad_study6_2023-08-14_15h17.07.536.csv,0.666666667,0.5,0.5,0.25,0.7916,0.8542,1,7,0,1,-0.07610914467895544,-0.9351017630957245,-0.6012688978323589,-1.9468348900279673
20,5f280d1533b5cf085a06e2ad_study6_2023-08-14_15h17.07.536.csv,0.666666667,0.5,0.5,0.25,0.8778,0.8542,2,6,0,1,0.02725341884676751,-0.9351017630957245,-0.6012688978323589,-1.9468348900279673
21,5f280d1533b5cf085a06e2ad_study6_2023-08-14_15h17.07.536.csv,0.666666667,0.5,0.5,0.25,0.7677,0.8542,3,2,0,1,-0.10676632657351313,-0.9351017630957245,-0.6012688978323589,-1.9468348900279673
22,5f280d1533b5cf085a06e2ad_study6_2023-08-14_15h17.07.536.csv,0.666666667,0.5,0.5,0.25,0.8846,0.8542,4,5,0,1,0.03497020702686039,-0.9351017630957245,-0.6012688978323589,-1.9468348900279673
23,609140cea1442672dd2141d7_study6_2023-08-14_17h33.29.125.csv,0.333333333,0.25,0.5,0.0,1.5837,1.0084,1,5,0,1,0.45139896518391565,-0.6017684290957245,-0.8512688978323589,-2.1968348900279673
24,609140cea1442672dd2141d7_study6_2023-08-14_17h33.29.125.csv,0.333333333,0.25,0.5,0.0,1.1564,1.0084,2,7,1,1,0.1369468148284263,-0.6017684290957245,-0.8512688978323589,-2.1968348900279673
25,609140cea1442672dd2141d7_study6_2023-08-14_17h33.29.125.csv,0.333333333,0.25,0.5,0.0,1.2258,1.0084,3,2,0,1,0.1952287757378667,-0.6017684290957245,-0.8512688978323589,-2.1968348900279673
26,609140cea1442672dd2141d7_study6_2023-08-14_17h33.29.125.csv,0.333333333,0.25,0.5,0.0,0.9889,1.0084,4,3,1,1,-0.019526981037819604,-0.6017684290957245,-0.8512688978323589,-2.1968348900279673
27,5aafd9eff69e940001d88bf4_study6_2023-08-14_15h17.37.738.csv,0.666666667,0.5,0.5,0.25,3.9869,1.08605,1,1,0,1,1.3004667256021827,-0.9351017630957245,-0.6012688978323589,-1.9468348900279673
28,5aafd9eff69e940001d88bf4_study6_2023-08-14_15h17.37.738.csv,0.666666667,0.5,0.5,0.25,0.6682,1.08605,2,4,0,1,-0.4857150100270463,-0.9351017630957245,-0.6012688978323589,-1.9468348900279673
29,5aafd9eff69e940001d88bf4_study6_2023-08-14_15h17.37.738.csv,0.666666667,0.5,0.5,0.25,0.384,1.08605,3,5,0,1,-1.0396599873619756,-0.9351017630957245,-0.6012688978323589,-1.9468348900279673
30,5aafd9eff69e940001d88bf4_study6_2023-08-14_15h17.37.738.csv,0.666666667,0.5,0.5,0.25,1.1516,1.08605,4,0,0,1,0.05860501878831832,-0.9351017630957245,-0.6012688978323589,-1.9468348900279673
31,5b648251bd56550001bf31fd_study6_2023-08-14_16h13.15.663.csv,0.5,0.75,0.25,0.0,7.315,0.9107,1,0,0,1,2.083468778880452,-0.7684350960957245,-0.8512688978323589,-1.6968348900279673
32,5b648251bd56550001bf31fd_study6_2023-08-14_16h13.15.663.csv,0.5,0.75,0.25,0.0,6.4153,0.9107,2,7,0,1,1.9522275067761057,-0.7684350960957245,-0.8512688978323589,-1.6968348900279673
33,5b648251bd56550001bf31fd_study6_2023-08-14_16h13.15.663.csv,0.5,0.75,0.25,0.0,6.2298,0.9107,3,2,0,1,1.9228859739636905,-0.7684350960957245,-0.8512688978323589,-1.6968348900279673
35,5study6_2023-08-14_17h35.30.229.csv,0.166666667,0.0,0.25,0.0,0.8193,0.919,2,5,1,1,-0.11483580520791806,-0.43510176309572446,-0.8512688978323589,-2.4468348900279673
36,5study6_2023-08-14_17h35.30.229.csv,0.166666667,0.0,0.25,0.0,1.0001,0.919,3,2,1,1,0.08456915162678331,-0.43510176309572446,-0.8512688978323589,-2.4468348900279673
37,5study6_2023-08-14_17h35.30.229.csv,0.166666667,0.0,0.25,0.0,1.015,0.919,4,0,0,1,0.09935776912020049,-0.43510176309572446,-0.8512688978323589,-2.4468348900279673
38,5study6_2023-08-14_18h25.13.383.csv,0.0,0.75,0.25,0.0,4.4551,0.8338,1,1,1,1,1.6758112208954032,-0.26843509609572447,-0.8512688978323589,-1.6968348900279673
39,5study6_2023-08-14_18h25.13.383.csv,0.0,0.75,0.25,0.0,0.8714,0.8338,2,6,1,1,0.04410754823664525,-0.26843509609572447,-0.8512688978323589,-1.6968348900279673
40,5study6_2023-08-14_18h25.13.383.csv,0.0,0.75,0.25,0.0,0.9723,0.8338,3,0,1,1,0.1536708333689149,-0.26843509609572447,-0.8512688978323589,-1.6968348900279673
41,5study6_2023-08-14_18h25.13.383.csv,0.0,0.75,0.25,0.0,0.4846,0.8338,4,2,1,1,-0.5426697570642712,-0.26843509609572447,-0.8512688978323589,-1.6968348900279673
42,63ed27349738654dde4655ae_study6_2023-08-14_17h33.35.679.csv,0.666666667,0.5,0.5,0.25,0.6073,0.6834,1,4,0,1,-0.11805743677766184,-0.9351017630957245,-0.6012688978323589,-1.9468348900279673
43,63ed27349738654dde4655ae_study6_2023-08-14_17h33.35.679.csv,0.666666667,0.5,0.5,0.25,0.2845,0.6834,2,1,0,1,-0.876347086114806,-0.9351017630957245,-0.6012688978323589,-1.9468348900279673
44,63ed27349738654dde4655ae_study6_2023-08-14_17h33.35.679.csv,0.666666667,0.5,0.5,0.25,0.3414,0.6834,3,5,0,1,-0.6940255293208513,-0.9351017630957245,-0.6012688978323589,-1.9468348900279673
45,63ed27349738654dde4655ae_study6_2023-08-14_17h33.35.679.csv,0.666666667,0.5,0.5,0.25,0.3768,0.6834,4,7,0,1,-0.5953657969789835,-0.9351017630957245,-0.6012688978323589,-1.9468348900279673
46,614e2446523bb49af662fb62_study6_2023-08-14_12h09.04.866.csv,0.5,0.0,0.25,0.25,5.323,0.7292,1,5,1,1,1.9878442903682496,-0.7684350960957245,-0.6012688978323589,-2.4468348900279673
47,614e2446523bb49af662fb62_study6_2023-08-14_12h09.04.866.csv,0.5,0.0,0.25,0.25,0.4862,0.7292,2,6,0,1,-0.40532798092248484,-0.7684350960957245,-0.6012688978323589,-2.4468348900279673
48,614e2446523bb49af662fb62_study6_2023-08-14_12h09.04.866.csv,0.5,0.0,0.25,0.25,2.3757,0.7292,3,7,0,1,1.1810993670799685,-0.7684350960957245,-0.6012688978323589,-2.4468348900279673
49,614e2446523bb49af662fb62_study6_2023-08-14_12h09.04.866.csv,0.5,0.0,0.25,0.25,1.8615,0.7292,4,0,0,1,0.9371898505082635,-0.7684350960957245,-0.6012688978323589,-2.4468348900279673
50,5study6_2023-08-14_16h13.23.056.csv,0.666666667,0.5,0.5,0.25,1.5071,0.76845,1,7,0,1,0.6735670543723098,-0.9351017630957245,-0.6012688978323589,-1.9468348900279673
51,5study6_2023-08-14_16h13.23.056.csv,0.666666667,0.5,0.5,0.25,0.4757,0.76845,2,4,0,1,-0.4795880956150852,-0.9351017630957245,-0.6012688978323589,-1.9468348900279673
52,5study6_2023-08-14_16h13.23.056.csv,0.666666667,0.5,0.5,0.25,0.6513,0.76845,3,2,0,1,-0.16540513350096517,-0.9351017630957245,-0.6012688978323589,-1.9468348900279673
53,5study6_2023-08-14_16h13.23.056.csv,0.666666667,0.5,0.5,0.25,1.185,0.76845,4,3,0,1,0.43312255451591075,-0.9351017630957245,-0.6012688978323589,-1.9468348900279673
54,63d196c147d1f420690e5b87_study6_2023-08-18_01h08.31.061.csv,0.333333333,0.25,0.25,0.0,4.2667,0.8573,1,3,0,1,1.6048080580243713,-0.6017684290957245,-0.8512688978323589,-2.1968348900279673
55,63d196c147d1f420690e5b87_study6_2023-08-18_01h08.31.061.csv,0.333333333,0.25,0.25,0.0,1.9854,0.8573,2,7,1,1,0.8397877684709114,-0.6017684290957245,-0.8512688978323589,-2.1968348900279673
56,63d196c147d1f420690e5b87_study6_2023-08-18_01h08.31.061.csv,0.333333333,0.25,0.25,0.0,0.8003,0.8573,3,2,0,1,-0.06880125831170966,-0.6017684290957245,-0.8512688978323589,-2.1968348900279673
57,63d196c147d1f420690e5b87_study6_2023-08-18_01h08.31.061.csv,0.333333333,0.25,0.25,0.0,1.5026,0.8573,4,4,1,1,0.5611643042503499,-0.6017684290957245,-0.8512688978323589,-2.1968348900279673
58,62f3b543dce069211e8e982c_study6_2023-08-14_17h41.48.779.csv,0.333333333,0.5,0.25,0.0,1.1419,0.9003,1,5,1,1,0.23772077959317114,-0.6017684290957245,-0.8512688978323589,-1.9468348900279673
59,62f3b543dce069211e8e982c_study6_2023-08-14_17h41.48.779.csv,0.333333333,0.5,0.25,0.0,0.7707,0.9003,2,3,1,1,-0.1554288483304834,-0.6017684290957245,-0.8512688978323589,-1.9468348900279673
60,62f3b543dce069211e8e982c_study6_2023-08-14_17h41.48.779.csv,0.333333333,0.5,0.25,0.0,0.8524,0.9003,3,4,0,1,-0.05467214088996899,-0.6017684290957245,-0.8512688978323589,-1.9468348900279673
61,62f3b543dce069211e8e982c_study6_2023-08-14_17h41.48.779.csv,0.333333333,0.5,0.25,0.0,1.7076,0.9003,4,7,0,1,0.6401161137693758,-0.6017684290957245,-0.8512688978323589,-1.9468348900279673
62,55da1c4669dbc30010b67569_study6_2023-08-14_18h05.01.462.csv,0.0,0.5,0.5,0.25,1.1511,0.8839,1,5,1,1,0.2641293518541141,-0.26843509609572447,-0.6012688978323589,-1.9468348900279673
63,55da1c4669dbc30010b67569_study6_2023-08-14_18h05.01.462.csv,0.0,0.5,0.5,0.25,1.4027,0.8839,2,0,1,1,0.4618102956587234,-0.26843509609572447,-0.6012688978323589,-1.9468348900279673
64,55da1c4669dbc30010b67569_study6_2023-08-14_18h05.01.462.csv,0.0,0.5,0.5,0.25,1.7735,0.8839,3,1,1,1,0.6963663401467742,-0.26843509609572447,-0.6012688978323589,-1.9468348900279673
65,55da1c4669dbc30010b67569_study6_2023-08-14_18h05.01.462.csv,0.0,0.5,0.5,0.25,0.8914,0.8839,4,4,1,1,0.008449326445553122,-0.26843509609572447,-0.6012688978323589,-1.9468348900279673
66,5study6_2023-08-14_17h32.13.327.csv,0.166666667,0.5,0.5,0.0,1.1041,0.6859,1,4,1,1,0.4760539579398158,-0.43510176309572446,-0.8512688978323589,-1.9468348900279673
67,5study6_2023-08-14_17h32.13.327.csv,0.166666667,0.5,0.5,0.0,1.0754,0.6859,2,3,0,1,0.44971611987030197,-0.43510176309572446,-0.8512688978323589,-1.9468348900279673
68,5study6_2023-08-14_17h32.13.327.csv,0.166666667,0.5,0.5,0.0,3.0949,0.6859,3,6,1,1,1.5067790299137298,-0.43510176309572446,-0.8512688978323589,-1.9468348900279673
69,5study6_2023-08-14_17h32.13.327.csv,0.166666667,0.5,0.5,0.0,0.7708,0.6859,4,1,1,1,0.11669709203493568,-0.43510176309572446,-0.8512688978323589,-1.9468348900279673
70,644e757b60476ac7d5a7717a_study6_2023-08-14_11h43.28.021.csv,0.0,0.5,0.5,0.0,3.2439,0.95095,1,2,1,1,1.2270701036919311,-0.26843509609572447,-0.8512688978323589,-1.9468348900279673
71,644e757b60476ac7d5a7717a_study6_2023-08-14_11h43.28.021.csv,0.0,0.5,0.5,0.0,0.6577,0.95095,2,4,1,1,-0.36871258462036477,-0.26843509609572447,-0.8512688978323589,-1.9468348900279673
72,644e757b60476ac7d5a7717a_study6_2023-08-14_11h43.28.021.csv,0.0,0.5,0.5,0.0,1.7069,0.95095,3,7,1,1,0.5849726538426172,-0.26843509609572447,-0.8512688978323589,-1.9468348900279673
73,644e757b60476ac7d5a7717a_study6_2023-08-14_11h43.28.021.csv,0.0,0.5,0.5,0.0,2.058,0.95095,4,0,1,1,0.7720284314663247,-0.26843509609572447,-0.8512688978323589,-1.9468348900279673
74,5study6_2023-08-17_19h08.56.829.csv,0.333333333,0.75,0.25,0.0,2.407,0.847,1,2,1,1,1.0444357431310176,-0.6017684290957245,-0.8512688978323589,-1.6968348900279673
75,5study6_2023-08-17_19h08.56.829.csv,0.333333333,0.75,0.25,0.0,1.888,0.847,2,0,0,1,0.8015726520533916,-0.6017684290957245,-0.8512688978323589,-1.6968348900279673
76,5study6_2023-08-17_19h08.56.829.csv,0.333333333,0.75,0.25,0.0,1.458,0.847,3,7,1,1,0.5431202179165491,-0.6017684290957245,-0.8512688978323589,-1.6968348900279673
77,5study6_2023-08-17_19h08.56.829.csv,0.333333333,0.75,0.25,0.0,1.229,0.847,4,4,0,1,0.37225541491398056,-0.6017684290957245,-0.8512688978323589,-1.6968348900279673
78,56ce42d9465e580006846f57_study6_2023-08-14_15h13.17.694.csv,0.666666667,0.5,0.5,0.0,3.1203,0.7201,1,0,0,1,1.466294338772376,-0.9351017630957245,-0.8512688978323589,-1.9468348900279673
79,56ce42d9465e580006846f57_study6_2023-08-14_15h13.17.694.csv,0.666666667,0.5,0.5,0.0,2.4843,0.7201,2,7,0,1,1.2383561174529432,-0.9351017630957245,-0.8512688978323589,-1.9468348900279673
80,56ce42d9465e580006846f57_study6_2023-08-14_15h13.17.694.csv,0.666666667,0.5,0.5,0.0,0.9902,0.7201,3,3,0,1,0.3185168516725015,-0.9351017630957245,-0.8512688978323589,-1.9468348900279673
81,56ce42d9465e580006846f57_study6_2023-08-14_15h13.17.694.csv,0.666666667,0.5,0.5,0.0,0.7364,0.7201,4,5,0,1,0.022383358104101688,-0.9351017630957245,-0.8512688978323589,-1.9468348900279673
82,5Bee_study6_2023-08-14_12h49.38.721.csv,0.5,0.5,0.5,0.0,1.2341,0.73,1,4,0,1,0.525052704316701,-0.7684350960957245,-0.8512688978323589,-1.9468348900279673
83,5Bee_study6_2023-08-14_12h49.38.721.csv,0.5,0.5,0.5,0.0,0.7023,0.73,2,3,0,1,-0.038683870977462,-0.7684350960957245,-0.8512688978323589,-1.9468348900279673
84,5Bee_study6_2023-08-14_12h49.38.721.csv,0.5,0.5,0.5,0.0,0.6501,0.73,3,5,0,1,-0.11591833693201367,-0.7684350960957245,-0.8512688978323589,-1.9468348900279673
85,5Bee_study6_2023-08-14_12h49.38.721.csv,0.5,0.5,0.5,0.0,1.151,0.73,4,1,1,1,0.4553418745794459,-0.7684350960957245,-0.8512688978323589,-1.9468348900279673
86,5c3b70640eaa0100018ea877_study6_2023-08-17_20h08.23.247.csv,0.666666667,0.25,0.25,0.0,0.631,1.223,1,5,0,1,-0.6617562731459593,-0.9351017630957245,-0.8512688978323589,-2.1968348900279673
87,5c3b70640eaa0100018ea877_study6_2023-08-17_20h08.23.247.csv,0.666666667,0.25,0.25,0.0,1.624,1.223,2,6,0,1,0.28358538503445097,-0.9351017630957245,-0.8512688978323589,-2.1968348900279673
88,5c3b70640eaa0100018ea877_study6_2023-08-17_20h08.23.247.csv,0.666666667,0.25,0.25,0.0,0.913,1.223,3,0,0,1,-0.2923262550922039,-0.9351017630957245,-0.8512688978323589,-2.1968348900279673
89,5c3b70640eaa0100018ea877_study6_2023-08-17_20h08.23.247.csv,0.666666667,0.25,0.25,0.0,1.371,1.223,4,3,0,1,0.11423354387514194,-0.9351017630957245,-0.8512688978323589,-2.1968348900279673
90,5study6_2023-08-14_15h13.08.651.csv,0.166666667,0.25,0.25,0.0,2.0288,0.8466,1,6,1,1,0.8739714361560833,-0.43510176309572446,-0.8512688978323589,-2.1968348900279673
91,5study6_2023-08-14_15h13.08.651.csv,0.166666667,0.25,0.25,0.0,0.2846,0.8466,2,0,1,1,-1.0901436424310713,-0.43510176309572446,-0.8512688978323589,-2.1968348900279673
92,5study6_2023-08-14_15h13.08.651.csv,0.166666667,0.25,0.25,0.0,1.353,0.8466,3,5,1,1,0.4688513000839647,-0.43510176309572446,-0.8512688978323589,-2.1968348900279673
93,5study6_2023-08-14_15h13.08.651.csv,0.166666667,0.25,0.25,0.0,0.3985,0.8466,4,1,0,1,-0.7535208298565536,-0.43510176309572446,-0.8512688978323589,-2.1968348900279673
94,6483648c280beabafcb3797e_study6_2023-08-14_17h35.17.544.csv,0.5,0.25,0.5,0.25,3.0055,0.887,1,6,0,1,1.2203542401696372,-0.7684350960957245,-0.6012688978323589,-2.1968348900279673
95,6483648c280beabafcb3797e_study6_2023-08-14_17h35.17.544.csv,0.5,0.25,0.5,0.25,0.6225,0.887,2,2,0,1,-0.3541013539707167,-0.7684350960957245,-0.6012688978323589,-2.1968348900279673
96,6483648c280beabafcb3797e_study6_2023-08-14_17h35.17.544.csv,0.5,0.25,0.5,0.25,0.7105,0.887,3,4,0,1,-0.22187603477242415,-0.7684350960957245,-0.6012688978323589,-2.1968348900279673
97,6483648c280beabafcb3797e_study6_2023-08-14_17h35.17.544.csv,0.5,0.25,0.5,0.25,0.3854,0.887,4,0,1,1,-0.8335632263293135,-0.7684350960957245,-0.6012688978323589,-2.1968348900279673
98,61237068bc84f5037bd32443_study6_2023-08-14_19h33.06.044.csv,0.666666667,0.0,0.25,0.0,1.4315,0.85375,1,4,0,1,0.5168397136531699,-0.9351017630957245,-0.8512688978323589,-2.4468348900279673
99,61237068bc84f5037bd32443_study6_2023-08-14_19h33.06.044.csv,0.666666667,0.0,0.25,0.0,1.0545,0.85375,2,2,0,1,0.21118358903382944,-0.9351017630957245,-0.8512688978323589,-2.4468348900279673
100,61237068bc84f5037bd32443_study6_2023-08-14_19h33.06.044.csv,0.666666667,0.0,0.25,0.0,2.9734,0.85375,3,7,0,1,1.2478229472942506,-0.9351017630957245,-0.8512688978323589,-2.4468348900279673
101,61237068bc84f5037bd32443_study6_2023-08-14_19h33.06.044.csv,0.666666667,0.0,0.25,0.0,0.5352,0.85375,4,3,0,1,-0.4669979020709811,-0.9351017630957245,-0.8512688978323589,-2.4468348900279673
102,5study6_2023-08-14_15h18.10.842.csv,0.666666667,0.25,0.25,0.0,2.9022,0.9802,1,4,0,1,1.0854677165815454,-0.9351017630957245,-0.8512688978323589,-2.1968348900279673
103,5study6_2023-08-14_15h18.10.842.csv,0.666666667,0.25,0.25,0.0,2.9278,0.9802,2,5,0,1,1.0942499342618643,-0.9351017630957245,-0.8512688978323589,-2.1968348900279673
104,5study6_2023-08-14_15h18.10.842.csv,0.666666667,0.25,0.25,0.0,1.5047,0.9802,3,0,0,1,0.42859218928938525,-0.9351017630957245,-0.8512688978323589,-2.1968348900279673
105,5study6_2023-08-14_15h18.10.842.csv,0.666666667,0.25,0.25,0.0,1.7999,0.9802,4,6,0,1,0.6077297543099863,-0.9351017630957245,-0.8512688978323589,-2.1968348900279673
106,63ea5f39871e9fdef021a53d_study6_2023-08-14_16h06.25.068.csv,0.333333333,0.5,0.5,0.0,6.2381,0.81625,1,0,0,1,2.033710247227712,-0.6017684290957245,-0.8512688978323589,-1.9468348900279673
107,63ea5f39871e9fdef021a53d_study6_2023-08-14_16h06.25.068.csv,0.333333333,0.5,0.5,0.0,1.3181,0.81625,2,4,0,1,0.47922590412777927,-0.6017684290957245,-0.8512688978323589,-1.9468348900279673
108,63ea5f39871e9fdef021a53d_study6_2023-08-14_16h06.25.068.csv,0.333333333,0.5,0.5,0.0,1.0519,0.81625,3,5,1,1,0.2536326511545876,-0.6017684290957245,-0.8512688978323589,-1.9468348900279673
109,63ea5f39871e9fdef021a53d_study6_2023-08-14_16h06.25.068.csv,0.333333333,0.5,0.5,0.0,0.7512,0.81625,4,3,1,1,-0.08304875269658772,-0.6017684290957245,-0.8512688978323589,-1.9468348900279673
110,63052f20afc39e87110eb83e_study6_2023-08-14_12h38.59.035.csv,0.666666667,0.5,0.5,0.25,3.1166,1.0576,1,4,0,1,1.0807404739140922,-0.9351017630957245,-0.6012688978323589,-1.9468348900279673
111,63052f20afc39e87110eb83e_study6_2023-08-14_12h38.59.035.csv,0.666666667,0.5,0.5,0.25,4.5053,1.0576,2,3,0,1,1.4492522914026285,-0.9351017630957245,-0.6012688978323589,-1.9468348900279673
112,63052f20afc39e87110eb83e_study6_2023-08-14_12h38.59.035.csv,0.666666667,0.5,0.5,0.25,3.3876,1.0576,3,2,0,1,1.164119515950022,-0.9351017630957245,-0.6012688978323589,-1.9468348900279673
113,63052f20afc39e87110eb83e_study6_2023-08-14_12h38.59.035.csv,0.666666667,0.5,0.5,0.25,4.1811,1.0576,4,0,0,1,1.3745721796961516,-0.9351017630957245,-0.6012688978323589,-1.9468348900279673
114,5b2bcfb51835660001cc6751_study6_2023-08-14_20h17.28.155.csv,0.333333333,0.5,0.5,0.0,0.283,1.209,1,4,1,1,-1.4521019529715553,-0.6017684290957245,-0.8512688978323589,-1.9468348900279673
115,5b2bcfb51835660001cc6751_study6_2023-08-14_20h17.28.155.csv,0.333333333,0.5,0.5,0.0,1.218,1.209,2,7,0,1,0.007416597655049619,-0.6017684290957245,-0.8512688978323589,-1.9468348900279673
116,5b2bcfb51835660001cc6751_study6_2023-08-14_20h17.28.155.csv,0.333333333,0.5,0.5,0.0,1.605,1.209,3,2,1,1,0.28333018494932355,-0.6017684290957245,-0.8512688978323589,-1.9468348900279673
117,5b2bcfb51835660001cc6751_study6_2023-08-14_20h17.28.155.csv,0.333333333,0.5,0.5,0.0,1.115,1.209,4,3,0,1,-0.08093916672057361,-0.6017684290957245,-0.8512688978323589,-1.9468348900279673
118,63a439dbbbc878947742d7f7_study6_2023-08-14_12h12.42.182.csv,0.166666667,0.25,0.5,0.0,0.3357,0.7417,1,5,1,1,-0.7927269447565232,-0.43510176309572446,-0.8512688978323589,-2.1968348900279673
119,63a439dbbbc878947742d7f7_study6_2023-08-14_12h12.42.182.csv,0.166666667,0.25,0.5,0.0,0.3296,0.7417,2,6,0,1,-0.8110650507071958,-0.43510176309572446,-0.8512688978323589,-2.1968348900279673
120,63a439dbbbc878947742d7f7_study6_2023-08-14_12h12.42.182.csv,0.166666667,0.25,0.5,0.0,0.2849,0.7417,3,3,1,1,-0.9568066072386499,-0.43510176309572446,-0.8512688978323589,-2.1968348900279673
121,63a439dbbbc878947742d7f7_study6_2023-08-14_12h12.42.182.csv,0.166666667,0.25,0.5,0.0,0.2605,0.7417,4,7,1,1,-1.046341987549091,-0.43510176309572446,-0.8512688978323589,-2.1968348900279673
122,63d69e4d6648b39324fdf0ad_study6_2023-08-17_20h13.24.744.csv,0.166666667,0.75,0.25,0.0,2.268,0.7557,1,2,1,1,1.0990091928209684,-0.43510176309572446,-0.8512688978323589,-1.6968348900279673
123,63d69e4d6648b39324fdf0ad_study6_2023-08-17_20h13.24.744.csv,0.166666667,0.75,0.25,0.0,0.718,0.7557,2,4,0,1,-0.051174902978450156,-0.43510176309572446,-0.8512688978323589,-1.6968348900279673
124,63d69e4d6648b39324fdf0ad_study6_2023-08-17_20h13.24.744.csv,0.166666667,0.75,0.25,0.0,1.1765,0.7557,3,6,1,1,0.442654736140743,-0.43510176309572446,-0.8512688978323589,-1.6968348900279673
125,63d69e4d6648b39324fdf0ad_study6_2023-08-17_20h13.24.744.csv,0.166666667,0.75,0.25,0.0,1.1521,0.7557,4,7,1,1,0.4216971710173336,-0.43510176309572446,-0.8512688978323589,-1.6968348900279673
126,5beecf340431f3000193c926_study6_2023-08-14_15h13.42.422.csv,0.333333333,0.5,0.5,0.0,1.887,0.8695,1,4,1,1,0.7748252115742124,-0.6017684290957245,-0.8512688978323589,-1.9468348900279673
127,5beecf340431f3000193c926_study6_2023-08-14_15h13.42.422.csv,0.333333333,0.5,0.5,0.0,1.001,0.8695,2,3,0,1,0.14083644552088265,-0.6017684290957245,-0.8512688978323589,-1.9468348900279673
128,5beecf340431f3000193c926_study6_2023-08-14_15h13.42.422.csv,0.333333333,0.5,0.5,0.0,0.933,0.8695,3,1,0,1,0.07048686705300604,-0.6017684290957245,-0.8512688978323589,-1.9468348900279673
129,5beecf340431f3000193c926_study6_2023-08-14_15h13.42.422.csv,0.333333333,0.5,0.5,0.0,1.101,0.8695,4,5,1,1,0.2360558029283421,-0.6017684290957245,-0.8512688978323589,-1.9468348900279673
130,5study6_2023-08-14_17h34.42.363.csv,0.5,0.5,0.5,0.25,1.9181,0.6328,1,1,1,1,1.1089359752741983,-0.7684350960957245,-0.6012688978323589,-1.9468348900279673
131,5study6_2023-08-14_17h34.42.363.csv,0.5,0.5,0.5,0.25,0.6028,0.6328,2,2,0,1,-0.04856894970110375,-0.7684350960957245,-0.6012688978323589,-1.9468348900279673
132,5study6_2023-08-14_17h34.42.363.csv,0.5,0.5,0.5,0.25,0.1881,0.6328,3,0,0,1,-1.2131806801464595,-0.7684350960957245,-0.6012688978323589,-1.9468348900279673
133,5study6_2023-08-14_17h34.42.363.csv,0.5,0.5,0.5,0.25,0.5429,0.6328,4,4,0,1,-0.15322927554203866,-0.7684350960957245,-0.6012688978323589,-1.9468348900279673
134,5study6_2023-08-14_08h21.38.177.csv,0.5,0.5,0.5,0.25,2.217,0.734,1,2,0,1,1.1054011810017959,-0.7684350960957245,-0.6012688978323589,-1.9468348900279673
135,5study6_2023-08-14_08h21.38.177.csv,0.5,0.5,0.5,0.25,2.486,0.734,2,4,0,1,1.2199212434561408,-0.7684350960957245,-0.6012688978323589,-1.9468348900279673
136,5study6_2023-08-14_08h21.38.177.csv,0.5,0.5,0.5,0.25,2.882,0.734,3,7,0,1,1.3677307479449519,-0.7684350960957245,-0.6012688978323589,-1.9468348900279673
137,5study6_2023-08-14_08h21.38.177.csv,0.5,0.5,0.5,0.25,1.152,0.734,4,3,1,1,0.45074581264132085,-0.7684350960957245,-0.6012688978323589,-1.9468348900279673
138,5Mir_study6_2023-08-14_13h13.21.451.csv,0.666666667,0.25,0.5,0.25,4.8193,0.857,1,2,0,1,1.7269460496844602,-0.9351017630957245,-0.6012688978323589,-2.1968348900279673
139,5Mir_study6_2023-08-14_13h13.21.451.csv,0.666666667,0.25,0.5,0.25,0.5755,0.857,2,0,0,1,-0.39819869043584233,-0.9351017630957245,-0.6012688978323589,-2.1968348900279673
140,5Mir_study6_2023-08-14_13h13.21.451.csv,0.666666667,0.25,0.5,0.25,0.9033,0.857,3,4,0,1,0.05261680555801816,-0.9351017630957245,-0.6012688978323589,-2.1968348900279673
141,5Mir_study6_2023-08-14_13h13.21.451.csv,0.666666667,0.25,0.5,0.25,0.7699,0.857,4,5,0,1,-0.1071772823137759,-0.9351017630957245,-0.6012688978323589,-2.1968348900279673
142,5PARTICIPANT_study3_2022-12-08_14h47.51.313.csv,0.666666667,0.5,1.0,0.0,0.8186,1.0542,1,9,1,2,-0.25294190036280395,-0.9351017630957245,-0.8512688978323589,-1.9468348900279673
143,5PARTICIPANT_study3_2022-12-08_14h47.51.313.csv,0.666666667,0.5,1.0,0.0,0.9341,1.0542,2,2,0,2,-0.12095396554230341,-0.9351017630957245,-0.8512688978323589,-1.9468348900279673
144,5PARTICIPANT_study3_2022-12-08_14h47.51.313.csv,0.666666667,0.5,1.0,0.0,0.8844,1.0542,3,0,0,2,-0.17562801543781528,-0.9351017630957245,-0.8512688978323589,-1.9468348900279673
145,5PARTICIPANT_study3_2022-12-08_14h47.51.313.csv,0.666666667,0.5,1.0,0.0,1.1168,1.0542,4,3,0,2,0.05768526758700144,-0.9351017630957245,-0.8512688978323589,-1.9468348900279673
146,5PARTICIPANT_study3_2022-12-08_14h47.51.313.csv,0.666666667,0.5,1.0,0.0,1.2117,1.0542,5,6,0,2,0.13924214681637026,-0.9351017630957245,-0.8512688978323589,-1.9468348900279673
147,5PARTICIPANT_study3_2022-12-08_14h47.51.313.csv,0.666666667,0.5,1.0,0.0,1.1168,1.0542,6,1,1,2,0.05768526758700144,-0.9351017630957245,-0.8512688978323589,-1.9468348900279673
148,587d4ed4e4404c0001c9d1b9_study3_2022-12-08_15h02.54.969.csv,1.0,0.5,1.0,0.0,1.7554,0.91215,1,4,0,2,0.6546475799237889,-1.2684350960957245,-0.8512688978323589,-1.9468348900279673
149,587d4ed4e4404c0001c9d1b9_study3_2022-12-08_15h02.54.969.csv,1.0,0.5,1.0,0.0,0.4767,0.91215,2,0,0,2,-0.6489170880234485,-1.2684350960957245,-0.8512688978323589,-1.9468348900279673
150,587d4ed4e4404c0001c9d1b9_study3_2022-12-08_15h02.54.969.csv,1.0,0.5,1.0,0.0,0.7004,0.91215,3,8,0,2,-0.26415284982253157,-1.2684350960957245,-0.8512688978323589,-1.9468348900279673
151,587d4ed4e4404c0001c9d1b9_study3_2022-12-08_15h02.54.969.csv,1.0,0.5,1.0,0.0,1.7608,0.91215,4,9,0,2,0.6577190799780234,-1.2684350960957245,-0.8512688978323589,-1.9468348900279673
152,587d4ed4e4404c0001c9d1b9_study3_2022-12-08_15h02.54.969.csv,1.0,0.5,1.0,0.0,0.7115,0.91215,5,2,0,2,-0.24842903270432132,-1.2684350960957245,-0.8512688978323589,-1.9468348900279673
153,587d4ed4e4404c0001c9d1b9_study3_2022-12-08_15h02.54.969.csv,1.0,0.5,1.0,0.0,0.8725,0.91215,6,1,0,2,-0.04444179615764612,-1.2684350960957245,-0.8512688978323589,-1.9468348900279673
154,5d430fdf871f1700017b2a81_study3_2022-12-08_09h13.48.176.csv,0.166666667,0.5,1.0,0.0,1.9935,1.2194,1,5,1,2,0.491532953347694,-0.43510176309572446,-0.8512688978323589,-1.9468348900279673
155,5d430fdf871f1700017b2a81_study3_2022-12-08_09h13.48.176.csv,0.166666667,0.5,1.0,0.0,1.5394,1.2194,2,1,1,2,0.23303379562650137,-0.43510176309572446,-0.8512688978323589,-1.9468348900279673
156,5d430fdf871f1700017b2a81_study3_2022-12-08_09h13.48.176.csv,0.166666667,0.5,1.0,0.0,2.1478,1.2194,3,9,1,2,0.5660851279504003,-0.43510176309572446,-0.8512688978323589,-1.9468348900279673
157,5d430fdf871f1700017b2a81_study3_2022-12-08_09h13.48.176.csv,0.166666667,0.5,1.0,0.0,2.551,1.2194,4,8,0,2,0.7381265046680957,-0.43510176309572446,-0.8512688978323589,-1.9468348900279673
158,5d430fdf871f1700017b2a81_study3_2022-12-08_09h13.48.176.csv,0.166666667,0.5,1.0,0.0,1.2641,1.2194,5,7,1,2,0.03600147202779615,-0.43510176309572446,-0.8512688978323589,-1.9468348900279673
159,5d430fdf871f1700017b2a81_study3_2022-12-08_09h13.48.176.csv,0.166666667,0.5,1.0,0.0,2.634,1.2194,6,2,1,2,0.7701446688295106,-0.43510176309572446,-0.8512688978323589,-1.9468348900279673
160,6116f7d468a5db3c416d5f00_study3_2022-12-08_10h26.40.788.csv,0.0,0.0,0.5,0.75,2.7354,1.47275,1,7,1,2,0.619146276045654,-0.26843509609572447,-0.10126889783235893,-2.4468348900279673
161,6116f7d468a5db3c416d5f00_study3_2022-12-08_10h26.40.788.csv,0.0,0.0,0.5,0.75,2.5527,1.47275,2,6,1,2,0.5500202211218247,-0.26843509609572447,-0.10126889783235893,-2.4468348900279673
162,6116f7d468a5db3c416d5f00_study3_2022-12-08_10h26.40.788.csv,0.0,0.0,0.5,0.75,1.4291,1.47275,3,1,1,2,-0.030086525914047566,-0.26843509609572447,-0.10126889783235893,-2.4468348900279673
163,6116f7d468a5db3c416d5f00_study3_2022-12-08_10h26.40.788.csv,0.0,0.0,0.5,0.75,2.4062,1.47275,4,9,1,2,0.49091733819762745,-0.26843509609572447,-0.10126889783235893,-2.4468348900279673
164,6116f7d468a5db3c416d5f00_study3_2022-12-08_10h26.40.788.csv,0.0,0.0,0.5,0.75,3.5367,1.47275,5,8,1,2,0.8760626875643948,-0.26843509609572447,-0.10126889783235893,-2.4468348900279673
165,6116f7d468a5db3c416d5f00_study3_2022-12-08_10h26.40.788.csv,0.0,0.0,0.5,0.75,1.9249,1.47275,6,3,1,2,0.2677426169187931,-0.26843509609572447,-0.10126889783235893,-2.4468348900279673
166,5PARTICIPANT_study3_2022-12-08_09h37.49.224.csv,1.0,0.25,0.25,0.25,0.7927,0.9573,1,9,0,2,-0.1886719821091975,-1.2684350960957245,-0.6012688978323589,-2.1968348900279673
167,5PARTICIPANT_study3_2022-12-08_09h37.49.224.csv,1.0,0.25,0.25,0.25,1.1909,0.9573,2,0,0,2,0.21834778082164266,-1.2684350960957245,-0.6012688978323589,-2.1968348900279673
168,5PARTICIPANT_study3_2022-12-08_09h37.49.224.csv,1.0,0.25,0.25,0.25,0.8239,0.9573,3,1,0,2,-0.15006765863076332,-1.2684350960957245,-0.6012688978323589,-2.1968348900279673
169,5PARTICIPANT_study3_2022-12-08_09h37.49.224.csv,1.0,0.25,0.25,0.25,0.6425,0.9573,4,3,0,2,-0.3987500051829327,-1.2684350960957245,-0.6012688978323589,-2.1968348900279673
170,5PARTICIPANT_study3_2022-12-08_09h37.49.224.csv,1.0,0.25,0.25,0.25,0.8889,0.9573,5,7,0,2,-0.07413207870467826,-1.2684350960957245,-0.6012688978323589,-2.1968348900279673
171,5PARTICIPANT_study3_2022-12-08_09h37.49.224.csv,1.0,0.25,0.25,0.25,0.9545,0.9573,6,4,0,2,-0.0029291787865052487,-1.2684350960957245,-0.6012688978323589,-2.1968348900279673
172,5acc65f668b65b00018db322_study3_2022-12-08_16h55.23.348.csv,0.833333333,0.5,1.0,1.0,14.67,0.8845,1,0,0,2,2.8085373575371873,-1.1017684290957246,0.14873110216764107,-1.9468348900279673
173,5acc65f668b65b00018db322_study3_2022-12-08_16h55.23.348.csv,0.833333333,0.5,1.0,1.0,4.1266,0.8845,2,4,0,2,1.5401865887512896,-1.1017684290957246,0.14873110216764107,-1.9468348900279673
174,5acc65f668b65b00018db322_study3_2022-12-08_16h55.23.348.csv,0.833333333,0.5,1.0,1.0,0.8747,0.8845,3,1,0,2,-0.011141543174030672,-1.1017684290957246,0.14873110216764107,-1.9468348900279673
175,5acc65f668b65b00018db322_study3_2022-12-08_16h55.23.348.csv,0.833333333,0.5,1.0,1.0,1.1273,0.8845,4,5,0,2,0.2425581584506456,-1.1017684290957246,0.14873110216764107,-1.9468348900279673
176,5acc65f668b65b00018db322_study3_2022-12-08_16h55.23.348.csv,0.833333333,0.5,1.0,1.0,2.5338,0.8845,5,9,0,2,1.052452917568113,-1.1017684290957246,0.14873110216764107,-1.9468348900279673
177,5acc65f668b65b00018db322_study3_2022-12-08_16h55.23.348.csv,0.833333333,0.5,1.0,1.0,0.9756,0.8845,6,3,1,2,0.09803015274192525,-1.1017684290957246,0.14873110216764107,-1.9468348900279673
178,5PARTICIPANT_study3_2022-12-08_10h22.01.344.csv,1.0,0.5,1.0,1.0,1.675,1.1135,1,0,0,2,0.40830495756174456,-1.2684350960957245,0.14873110216764107,-1.9468348900279673
179,5PARTICIPANT_study3_2022-12-08_10h22.01.344.csv,1.0,0.5,1.0,1.0,1.254,1.1135,2,3,0,2,0.11883023449544369,-1.2684350960957245,0.14873110216764107,-1.9468348900279673
180,5PARTICIPANT_study3_2022-12-08_10h22.01.344.csv,1.0,0.5,1.0,1.0,0.991,1.1135,3,8,0,2,-0.11654895236743422,-1.2684350960957245,0.14873110216764107,-1.9468348900279673
181,5PARTICIPANT_study3_2022-12-08_10h22.01.344.csv,1.0,0.5,1.0,1.0,1.375,1.1135,4,9,0,2,0.21094552340324946,-1.2684350960957245,0.14873110216764107,-1.9468348900279673
182,5PARTICIPANT_study3_2022-12-08_10h22.01.344.csv,1.0,0.5,1.0,1.0,0.984,1.1135,5,1,0,2,-0.12363758964516879,-1.2684350960957245,0.14873110216764107,-1.9468348900279673
183,5PARTICIPANT_study3_2022-12-08_10h22.01.344.csv,1.0,0.5,1.0,1.0,1.207,1.1135,6,5,0,2,0.08062973440010922,-1.2684350960957245,0.14873110216764107,-1.9468348900279673
184,5d4ce3e7ffbcf800179d56cd_study3_2022-12-08_08h22.14.031.csv,0.833333333,0.5,1.0,0.5,3.3836,1.12055,1,4,1,2,1.1051205952482621,-1.1017684290957246,-0.35126889783235893,-1.9468348900279673
185,5d4ce3e7ffbcf800179d56cd_study3_2022-12-08_08h22.14.031.csv,0.833333333,0.5,1.0,0.5,4.6047,1.12055,2,2,0,2,1.413257884805875,-1.1017684290957246,-0.35126889783235893,-1.9468348900279673
186,5d4ce3e7ffbcf800179d56cd_study3_2022-12-08_08h22.14.031.csv,0.833333333,0.5,1.0,0.5,0.8511,1.12055,3,5,0,2,-0.2750452846986819,-1.1017684290957246,-0.35126889783235893,-1.9468348900279673
187,5d4ce3e7ffbcf800179d56cd_study3_2022-12-08_08h22.14.031.csv,0.833333333,0.5,1.0,0.5,2.4015,1.12055,4,8,0,2,0.7622739059232818,-1.1017684290957246,-0.35126889783235893,-1.9468348900279673
188,5d4ce3e7ffbcf800179d56cd_study3_2022-12-08_08h22.14.031.csv,0.833333333,0.5,1.0,0.5,1.5878,1.12055,5,7,0,2,0.34852977410941577,-1.1017684290957246,-0.35126889783235893,-1.9468348900279673
189,5d4ce3e7ffbcf800179d56cd_study3_2022-12-08_08h22.14.031.csv,0.833333333,0.5,1.0,0.5,0.8334,1.12055,6,9,0,2,-0.29606119619324417,-1.1017684290957246,-0.35126889783235893,-1.9468348900279673
190,5PARTICIPANT_study3_2022-12-08_14h49.19.560.csv,0.666666667,0.25,0.75,0.75,3.6242,0.9028,1,4,0,2,1.3898878083346766,-0.9351017630957245,-0.10126889783235893,-2.1968348900279673
191,5PARTICIPANT_study3_2022-12-08_14h49.19.560.csv,0.666666667,0.25,0.75,0.75,2.6727,0.9028,2,2,1,2,1.085343431451327,-0.9351017630957245,-0.10126889783235893,-2.1968348900279673
192,5PARTICIPANT_study3_2022-12-08_14h49.19.560.csv,0.666666667,0.25,0.75,0.75,1.3041,0.9028,3,9,1,2,0.3677673817194755,-0.9351017630957245,-0.10126889783235893,-2.1968348900279673
193,5PARTICIPANT_study3_2022-12-08_14h49.19.560.csv,0.666666667,0.25,0.75,0.75,0.9027,0.9028,4,8,0,2,-0.00011077263927154097,-0.9351017630957245,-0.10126889783235893,-2.1968348900279673
194,5PARTICIPANT_study3_2022-12-08_14h49.19.560.csv,0.666666667,0.25,0.75,0.75,0.7186,0.9028,5,3,0,2,-0.22819617026396224,-0.9351017630957245,-0.10126889783235893,-2.1968348900279673
195,5PARTICIPANT_study3_2022-12-08_14h49.19.560.csv,0.666666667,0.25,0.75,0.75,0.9509,0.9028,6,1,0,2,0.051907859602017936,-0.9351017630957245,-0.10126889783235893,-2.1968348900279673
196,6098ad15adcdf37d6ac9557e_study3_2022-12-08_13h15.39.302.csv,1.0,0.5,1.0,0.0,1.1826,0.8395,1,6,0,2,0.34266420686913407,-1.2684350960957245,-0.8512688978323589,-1.9468348900279673
197,6098ad15adcdf37d6ac9557e_study3_2022-12-08_13h15.39.302.csv,1.0,0.5,1.0,0.0,0.8976,0.8395,2,4,0,2,0.06691805825083633,-1.2684350960957245,-0.8512688978323589,-1.9468348900279673
198,6098ad15adcdf37d6ac9557e_study3_2022-12-08_13h15.39.302.csv,1.0,0.5,1.0,0.0,0.6842,0.8395,3,9,0,2,-0.20455620397409116,-1.2684350960957245,-0.8512688978323589,-1.9468348900279673
199,6098ad15adcdf37d6ac9557e_study3_2022-12-08_13h15.39.302.csv,1.0,0.5,1.0,0.0,0.7119,0.8395,4,5,0,2,-0.16486902440776804,-1.2684350960957245,-0.8512688978323589,-1.9468348900279673
200,6098ad15adcdf37d6ac9557e_study3_2022-12-08_13h15.39.302.csv,1.0,0.5,1.0,0.0,1.0784,0.8395,5,0,0,2,0.25042726364044715,-1.2684350960957245,-0.8512688978323589,-1.9468348900279673
201,6098ad15adcdf37d6ac9557e_study3_2022-12-08_13h15.39.302.csv,1.0,0.5,1.0,0.0,0.8505,0.8395,6,1,0,2,0.01301793531832088,-1.2684350960957245,-0.8512688978323589,-1.9468348900279673
202,5Abril_study3_2022-12-08_09h27.24.386.csv,0.5,0.5,1.0,0.0,4.6674,0.82665,1,4,1,2,1.7309760614434293,-0.7684350960957245,-0.8512688978323589,-1.9468348900279673
203,5Abril_study3_2022-12-08_09h27.24.386.csv,0.5,0.5,1.0,0.0,0.1676,0.82665,2,7,0,2,-1.5958012009493714,-0.7684350960957245,-0.8512688978323589,-1.9468348900279673
204,5Abril_study3_2022-12-08_09h27.24.386.csv,0.5,0.5,1.0,0.0,0.601,0.82665,3,8,1,2,-0.3187864544621465,-0.7684350960957245,-0.8512688978323589,-1.9468348900279673
205,5Abril_study3_2022-12-08_09h27.24.386.csv,0.5,0.5,1.0,0.0,1.2007,0.82665,4,0,0,2,0.37327861003931834,-0.7684350960957245,-0.8512688978323589,-1.9468348900279673
206,5Abril_study3_2022-12-08_09h27.24.386.csv,0.5,0.5,1.0,0.0,0.5511,0.82665,5,1,0,2,-0.4054651081081643,-0.7684350960957245,-0.8512688978323589,-1.9468348900279673
207,5Abril_study3_2022-12-08_09h27.24.386.csv,0.5,0.5,1.0,0.0,0.501,0.82665,6,3,1,2,-0.5007752879124893,-0.7684350960957245,-0.8512688978323589,-1.9468348900279673
208,63066ec05eef5ac6baf1c158_study3_2022-12-08_09h21.18.930.csv,0.166666667,1.0,0.5,0.0,3.8376,0.917,1,4,1,2,1.4314949779313892,-0.43510176309572446,-0.8512688978323589,-1.4468348900279673
209,63066ec05eef5ac6baf1c158_study3_2022-12-08_09h21.18.930.csv,0.166666667,1.0,0.5,0.0,3.5717,0.917,2,0,1,2,1.359689479650706,-0.43510176309572446,-0.8512688978323589,-1.4468348900279673
210,63066ec05eef5ac6baf1c158_study3_2022-12-08_09h21.18.930.csv,0.166666667,1.0,0.5,0.0,1.6971,0.917,3,2,0,2,0.6155687187607549,-0.43510176309572446,-0.8512688978323589,-1.4468348900279673
211,63066ec05eef5ac6baf1c158_study3_2022-12-08_09h21.18.930.csv,0.166666667,1.0,0.5,0.0,2.8863,0.917,4,7,1,2,1.1466232117788637,-0.43510176309572446,-0.8512688978323589,-1.4468348900279673
212,63066ec05eef5ac6baf1c158_study3_2022-12-08_09h21.18.930.csv,0.166666667,1.0,0.5,0.0,1.5118,0.917,5,5,1,2,0.4999488006016115,-0.43510176309572446,-0.8512688978323589,-1.4468348900279673
213,63066ec05eef5ac6baf1c158_study3_2022-12-08_09h21.18.930.csv,0.166666667,1.0,0.5,0.0,1.0853,0.917,6,9,1,2,0.16850425319550427,-0.43510176309572446,-0.8512688978323589,-1.4468348900279673
214,5d470786da637a00014ba26f_study3_2022-12-08_11h43.29.974.csv,0.833333333,0.5,1.0,0.25,3.983,0.822,1,3,1,2,1.5780501881254643,-1.1017684290957246,-0.6012688978323589,-1.9468348900279673
215,5d470786da637a00014ba26f_study3_2022-12-08_11h43.29.974.csv,0.833333333,0.5,1.0,0.25,0.873,0.822,2,6,0,2,0.06019516078342237,-1.1017684290957246,-0.6012688978323589,-1.9468348900279673
216,5d470786da637a00014ba26f_study3_2022-12-08_11h43.29.974.csv,0.833333333,0.5,1.0,0.25,2.084,0.822,3,5,0,2,0.9303040078170777,-1.1017684290957246,-0.6012688978323589,-1.9468348900279673
217,5d470786da637a00014ba26f_study3_2022-12-08_11h43.29.974.csv,0.833333333,0.5,1.0,0.25,1.237,0.822,4,9,0,2,0.40870397733630814,-1.1017684290957246,-0.6012688978323589,-1.9468348900279673
218,5d470786da637a00014ba26f_study3_2022-12-08_11h43.29.974.csv,0.833333333,0.5,1.0,0.25,1.083,0.822,5,7,0,2,0.2757498519448108,-1.1017684290957246,-0.6012688978323589,-1.9468348900279673
219,5d470786da637a00014ba26f_study3_2022-12-08_11h43.29.974.csv,0.833333333,0.5,1.0,0.25,0.989,0.822,6,2,0,2,0.1849539365665323,-1.1017684290957246,-0.6012688978323589,-1.9468348900279673
220,5Egidijus_study3_2022-12-08_10h54.31.596.csv,0.5,0.5,1.0,0.0,1.238,1.11875,1,6,1,2,0.1012851836554764,-0.7684350960957245,-0.8512688978323589,-1.9468348900279673
221,5Egidijus_study3_2022-12-08_10h54.31.596.csv,0.5,0.5,1.0,0.0,1.5823,1.11875,2,5,0,2,0.34666749413587244,-0.7684350960957245,-0.8512688978323589,-1.9468348900279673
222,5Egidijus_study3_2022-12-08_10h54.31.596.csv,0.5,0.5,1.0,0.0,6.8304,1.11875,3,0,0,2,1.8091712464146326,-0.7684350960957245,-0.8512688978323589,-1.9468348900279673
223,5Egidijus_study3_2022-12-08_10h54.31.596.csv,0.5,0.5,1.0,0.0,1.4714,1.11875,4,9,1,2,0.2740023379090991,-0.7684350960957245,-0.8512688978323589,-1.9468348900279673
224,5Egidijus_study3_2022-12-08_10h54.31.596.csv,0.5,0.5,1.0,0.0,1.3184,1.11875,5,1,1,2,0.1642068895661423,-0.7684350960957245,-0.8512688978323589,-1.9468348900279673
225,5Egidijus_study3_2022-12-08_10h54.31.596.csv,0.5,0.5,1.0,0.0,1.0041,1.11875,6,2,0,2,-0.10812037270367443,-0.7684350960957245,-0.8512688978323589,-1.9468348900279673
226,601705a0246e51313e8ed38e_study3_2022-12-08_15h51.37.826.csv,0.666666667,0.25,0.75,0.75,0.3092,0.90975,1,6,0,2,-1.0791815197790022,-0.9351017630957245,-0.10126889783235893,-2.1968348900279673
228,601705a0246e51313e8ed38e_study3_2022-12-08_15h51.37.826.csv,0.666666667,0.25,0.75,0.75,0.7005,0.90975,3,2,0,2,-0.2613754707152074,-0.9351017630957245,-0.10126889783235893,-2.1968348900279673
229,601705a0246e51313e8ed38e_study3_2022-12-08_15h51.37.826.csv,0.666666667,0.25,0.75,0.75,0.0666,0.90975,4,0,0,2,-2.6144652589459256,-0.9351017630957245,-0.10126889783235893,-2.1968348900279673
230,601705a0246e51313e8ed38e_study3_2022-12-08_15h51.37.826.csv,0.666666667,0.25,0.75,0.75,0.9525,0.90975,5,8,1,2,0.045920270508586845,-0.9351017630957245,-0.10126889783235893,-2.1968348900279673
231,601705a0246e51313e8ed38e_study3_2022-12-08_15h51.37.826.csv,0.666666667,0.25,0.75,0.75,1.3741,0.90975,6,5,1,2,0.41238441384545965,-0.9351017630957245,-0.10126889783235893,-2.1968348900279673
232,61542447849549ee611e74fe_study3_2022-12-08_09h29.21.297.csv,0.166666667,0.5,1.0,0.25,4.54,1.1353,1,0,1,2,1.3860300788649058,-0.43510176309572446,-0.6012688978323589,-1.9468348900279673
233,61542447849549ee611e74fe_study3_2022-12-08_09h29.21.297.csv,0.166666667,0.5,1.0,0.25,1.9357,1.1353,2,4,1,2,0.533572084981012,-0.43510176309572446,-0.6012688978323589,-1.9468348900279673
234,61542447849549ee611e74fe_study3_2022-12-08_09h29.21.297.csv,0.166666667,0.5,1.0,0.25,1.106,1.1353,3,1,1,2,-0.026147030088207703,-0.43510176309572446,-0.6012688978323589,-1.9468348900279673
235,61542447849549ee611e74fe_study3_2022-12-08_09h29.21.297.csv,0.166666667,0.5,1.0,0.25,1.2356,1.1353,4,8,1,2,0.08465974887393878,-0.43510176309572446,-0.6012688978323589,-1.9468348900279673
236,61542447849549ee611e74fe_study3_2022-12-08_09h29.21.297.csv,0.166666667,0.5,1.0,0.25,1.1351,1.1353,5,9,1,2,-0.00017618040919424377,-0.43510176309572446,-0.6012688978323589,-1.9468348900279673
237,61542447849549ee611e74fe_study3_2022-12-08_09h29.21.297.csv,0.166666667,0.5,1.0,0.25,0.9946,1.1353,6,7,0,2,-0.13231156588984977,-0.43510176309572446,-0.6012688978323589,-1.9468348900279673
238,5PARTICIPANT_study3_2022-12-08_09h25.03.180.csv,0.833333333,0.5,1.0,0.0,2.9279,0.89925,1,5,0,2,1.1804796389167773,-1.1017684290957246,-0.8512688978323589,-1.9468348900279673
239,5PARTICIPANT_study3_2022-12-08_09h25.03.180.csv,0.833333333,0.5,1.0,0.0,0.8431,0.89925,2,8,0,2,-0.06447550764710336,-1.1017684290957246,-0.8512688978323589,-1.9468348900279673
240,5PARTICIPANT_study3_2022-12-08_09h25.03.180.csv,0.833333333,0.5,1.0,0.0,0.7133,0.89925,3,2,0,2,-0.23165899329174086,-1.1017684290957246,-0.8512688978323589,-1.9468348900279673
241,5PARTICIPANT_study3_2022-12-08_09h25.03.180.csv,0.833333333,0.5,1.0,0.0,0.8448,0.89925,4,4,0,2,-0.06246116962373623,-1.1017684290957246,-0.8512688978323589,-1.9468348900279673
242,5PARTICIPANT_study3_2022-12-08_09h25.03.180.csv,0.833333333,0.5,1.0,0.0,1.9786,0.89925,5,0,0,2,0.7885837203133887,-1.1017684290957246,-0.8512688978323589,-1.9468348900279673
243,5PARTICIPANT_study3_2022-12-08_09h25.03.180.csv,0.833333333,0.5,1.0,0.0,1.0924,0.89925,6,1,1,2,0.1945713070238166,-1.1017684290957246,-0.8512688978323589,-1.9468348900279673
244,5PARTICIPANT_study3_2022-12-08_15h48.42.226.csv,1.0,0.25,0.75,0.25,7.0052,0.9869,1,3,0,2,1.9598392922205479,-1.2684350960957245,-0.6012688978323589,-2.1968348900279673
245,5PARTICIPANT_study3_2022-12-08_15h48.42.226.csv,1.0,0.25,0.75,0.25,3.4224,0.9869,2,7,0,2,1.2435286211501797,-1.2684350960957245,-0.6012688978323589,-2.1968348900279673
246,5PARTICIPANT_study3_2022-12-08_15h48.42.226.csv,1.0,0.25,0.75,0.25,0.8399,0.9869,3,6,0,2,-0.16128588004638006,-1.2684350960957245,-0.6012688978323589,-2.1968348900279673
247,5PARTICIPANT_study3_2022-12-08_15h48.42.226.csv,1.0,0.25,0.75,0.25,0.8399,0.9869,4,1,0,2,-0.16128588004638006,-1.2684350960957245,-0.6012688978323589,-2.1968348900279673
248,5PARTICIPANT_study3_2022-12-08_15h48.42.226.csv,1.0,0.25,0.75,0.25,1.2787,0.9869,5,8,0,2,0.25903049863916106,-1.2684350960957245,-0.6012688978323589,-2.1968348900279673
249,5PARTICIPANT_study3_2022-12-08_15h48.42.226.csv,1.0,0.25,0.75,0.25,1.0206,0.9869,6,4,0,2,0.03357725145190956,-1.2684350960957245,-0.6012688978323589,-2.1968348900279673
250,57de9b670cb6700001dd7c9f_study3_2022-12-08_09h58.50.902.csv,0.166666667,0.5,1.0,0.0,1.6081,1.4362,1,7,1,2,0.11305262118376183,-0.43510176309572446,-0.8512688978323589,-1.9468348900279673
251,57de9b670cb6700001dd7c9f_study3_2022-12-08_09h58.50.902.csv,0.166666667,0.5,1.0,0.0,1.8501,1.4362,2,3,1,2,0.25323895498933985,-0.43510176309572446,-0.8512688978323589,-1.9468348900279673
252,57de9b670cb6700001dd7c9f_study3_2022-12-08_09h58.50.902.csv,0.166666667,0.5,1.0,0.0,1.2026,1.4362,3,2,1,2,-0.1775148570707489,-0.43510176309572446,-0.8512688978323589,-1.9468348900279673
253,57de9b670cb6700001dd7c9f_study3_2022-12-08_09h58.50.902.csv,0.166666667,0.5,1.0,0.0,1.1805,1.4362,4,8,0,2,-0.19606265915064938,-0.43510176309572446,-0.8512688978323589,-1.9468348900279673
254,57de9b670cb6700001dd7c9f_study3_2022-12-08_09h58.50.902.csv,0.166666667,0.5,1.0,0.0,1.3447,1.4362,5,0,1,2,-0.06582979684639284,-0.43510176309572446,-0.8512688978323589,-1.9468348900279673
255,57de9b670cb6700001dd7c9f_study3_2022-12-08_09h58.50.902.csv,0.166666667,0.5,1.0,0.0,1.1766,1.4362,6,5,1,2,-0.1993718132458614,-0.43510176309572446,-0.8512688978323589,-1.9468348900279673
256,636a740f2956031d8abf5bf1_study3_2022-12-08_14h48.13.866.csv,0.833333333,0.5,1.0,0.75,3.2338,0.83395,1,7,1,2,1.3552397467825321,-1.1017684290957246,-0.10126889783235893,-1.9468348900279673
257,636a740f2956031d8abf5bf1_study3_2022-12-08_14h48.13.866.csv,0.833333333,0.5,1.0,0.75,1.0347,0.83395,2,3,0,2,0.2156933600877228,-1.1017684290957246,-0.10126889783235893,-1.9468348900279673
258,636a740f2956031d8abf5bf1_study3_2022-12-08_14h48.13.866.csv,0.833333333,0.5,1.0,0.75,0.2511,0.83395,3,4,0,2,-1.2003221823596428,-1.1017684290957246,-0.10126889783235893,-1.9468348900279673
259,636a740f2956031d8abf5bf1_study3_2022-12-08_14h48.13.866.csv,0.833333333,0.5,1.0,0.75,0.9507,0.83395,4,5,0,2,0.13102510684180266,-1.1017684290957246,-0.10126889783235893,-1.9468348900279673
260,636a740f2956031d8abf5bf1_study3_2022-12-08_14h48.13.866.csv,0.833333333,0.5,1.0,0.75,0.8507,0.83395,5,8,0,2,0.019886091458656482,-1.1017684290957246,-0.10126889783235893,-1.9468348900279673
261,636a740f2956031d8abf5bf1_study3_2022-12-08_14h48.13.866.csv,0.833333333,0.5,1.0,0.75,1.1016,0.83395,6,2,0,2,0.27834549889126287,-1.1017684290957246,-0.10126889783235893,-1.9468348900279673
262,63174a95078b149cd17f7873_study3_2022-12-08_13h11.28.827.csv,0.666666667,0.5,0.5,0.25,1.5625,0.9867,1,4,1,2,0.4596763397474356,-0.9351017630957245,-0.6012688978323589,-1.9468348900279673
263,63174a95078b149cd17f7873_study3_2022-12-08_13h11.28.827.csv,0.666666667,0.5,0.5,0.25,0.7384,0.9867,2,6,0,2,-0.2898803586744786,-0.9351017630957245,-0.6012688978323589,-1.9468348900279673
264,63174a95078b149cd17f7873_study3_2022-12-08_13h11.28.827.csv,0.666666667,0.5,0.5,0.25,1.085,0.9867,3,9,1,2,0.09496922411143881,-0.9351017630957245,-0.6012688978323589,-1.9468348900279673
265,63174a95078b149cd17f7873_study3_2022-12-08_13h11.28.827.csv,0.666666667,0.5,0.5,0.25,2.8005,0.9867,4,8,0,2,1.043187209786766,-0.9351017630957245,-0.6012688978323589,-1.9468348900279673
266,63174a95078b149cd17f7873_study3_2022-12-08_13h11.28.827.csv,0.666666667,0.5,0.5,0.25,0.7337,0.9867,5,7,0,2,-0.2962658161431724,-0.9351017630957245,-0.6012688978323589,-1.9468348900279673
267,63174a95078b149cd17f7873_study3_2022-12-08_13h11.28.827.csv,0.666666667,0.5,0.5,0.25,4.2054,0.9867,6,1,0,2,1.449758650871213,-0.9351017630957245,-0.6012688978323589,-1.9468348900279673
268,5PARTICIPANT_study3_2022-12-08_09h02.49.966.csv,1.0,0.5,1.0,0.5,0.9782,0.7355,1,8,0,2,0.2851636080637645,-1.2684350960957245,-0.35126889783235893,-1.9468348900279673
269,5PARTICIPANT_study3_2022-12-08_09h02.49.966.csv,1.0,0.5,1.0,0.5,0.6241,0.7355,2,2,0,2,-0.16423992810149496,-1.2684350960957245,-0.35126889783235893,-1.9468348900279673
270,5PARTICIPANT_study3_2022-12-08_09h02.49.966.csv,1.0,0.5,1.0,0.5,0.5387,0.7355,3,9,0,2,-0.31139171035500435,-1.2684350960957245,-0.35126889783235893,-1.9468348900279673
271,5PARTICIPANT_study3_2022-12-08_09h02.49.966.csv,1.0,0.5,1.0,0.5,1.1876,0.7355,4,0,0,2,0.4791392028481124,-1.2684350960957245,-0.35126889783235893,-1.9468348900279673
272,5PARTICIPANT_study3_2022-12-08_09h02.49.966.csv,1.0,0.5,1.0,0.5,0.8947,0.7355,5,1,0,2,0.19593792651205802,-1.2684350960957245,-0.35126889783235893,-1.9468348900279673
273,5PARTICIPANT_study3_2022-12-08_09h02.49.966.csv,1.0,0.5,1.0,0.5,0.8054,0.7355,6,6,0,2,0.09078850837586157,-1.2684350960957245,-0.35126889783235893,-1.9468348900279673
274,6311b30d2049ac9c91901586_study3_2022-12-08_09h27.36.180.csv,0.166666667,1.0,0.5,0.25,1.9745,1.0022,1,7,0,2,0.6781176182010799,-0.43510176309572446,-0.6012688978323589,-1.4468348900279673
275,6311b30d2049ac9c91901586_study3_2022-12-08_09h27.36.180.csv,0.166666667,1.0,0.5,0.25,1.0376,1.0022,2,5,1,2,0.03471277047660987,-0.43510176309572446,-0.6012688978323589,-1.4468348900279673
276,6311b30d2049ac9c91901586_study3_2022-12-08_09h27.36.180.csv,0.166666667,1.0,0.5,0.25,1.2044,1.0022,3,0,1,2,0.18378393408195454,-0.43510176309572446,-0.6012688978323589,-1.4468348900279673
277,6311b30d2049ac9c91901586_study3_2022-12-08_09h27.36.180.csv,0.166666667,1.0,0.5,0.25,1.4435,1.0022,4,9,1,2,0.36487313657736553,-0.43510176309572446,-0.6012688978323589,-1.4468348900279673
278,6311b30d2049ac9c91901586_study3_2022-12-08_09h27.36.180.csv,0.166666667,1.0,0.5,0.25,0.8426,1.0022,5,2,1,2,-0.17346051298070805,-0.43510176309572446,-0.6012688978323589,-1.4468348900279673
279,6311b30d2049ac9c91901586_study3_2022-12-08_09h27.36.180.csv,0.166666667,1.0,0.5,0.25,1.3301,1.0022,6,3,1,2,0.2830565438336264,-0.43510176309572446,-0.6012688978323589,-1.4468348900279673
280,5b1775aebdf4e10001631c75_study3_2022-12-08_09h16.09.398.csv,1.0,0.75,0.75,0.5,0.9095,1.0463,1,7,0,2,-0.14012041242882464,-1.2684350960957245,-0.35126889783235893,-1.6968348900279673
281,5b1775aebdf4e10001631c75_study3_2022-12-08_09h16.09.398.csv,1.0,0.75,0.75,0.5,0.8783,1.0463,2,1,0,2,-0.17502718946392992,-1.2684350960957245,-0.35126889783235893,-1.6968348900279673
282,5b1775aebdf4e10001631c75_study3_2022-12-08_09h16.09.398.csv,1.0,0.75,0.75,0.5,0.8457,1.0463,3,6,0,2,-0.21285072359882504,-1.2684350960957245,-0.35126889783235893,-1.6968348900279673
283,5b1775aebdf4e10001631c75_study3_2022-12-08_09h16.09.398.csv,1.0,0.75,0.75,0.5,0.7841,1.0463,4,2,0,2,-0.2884788471501253,-1.2684350960957245,-0.35126889783235893,-1.6968348900279673
284,5b1775aebdf4e10001631c75_study3_2022-12-08_09h16.09.398.csv,1.0,0.75,0.75,0.5,0.9197,1.0463,5,4,0,2,-0.1289678804783497,-1.2684350960957245,-0.35126889783235893,-1.6968348900279673
285,5b1775aebdf4e10001631c75_study3_2022-12-08_09h16.09.398.csv,1.0,0.75,0.75,0.5,0.8835,1.0463,6,3,0,2,-0.16912411862725055,-1.2684350960957245,-0.35126889783235893,-1.6968348900279673
286,5PARTICIPANT_study3_2022-12-08_09h11.36.071.csv,0.166666667,0.5,1.0,0.25,1.0033,0.8273,1,7,1,2,0.19288245973542992,-0.43510176309572446,-0.6012688978323589,-1.9468348900279673
287,5PARTICIPANT_study3_2022-12-08_09h11.36.071.csv,0.166666667,0.5,1.0,0.25,0.9023,0.8273,2,5,1,2,0.08677967280431766,-0.43510176309572446,-0.6012688978323589,-1.9468348900279673
288,5PARTICIPANT_study3_2022-12-08_09h11.36.071.csv,0.166666667,0.5,1.0,0.25,0.8823,0.8273,3,0,0,2,0.06436474803192181,-0.43510176309572446,-0.6012688978323589,-1.9468348900279673
289,5PARTICIPANT_study3_2022-12-08_09h11.36.071.csv,0.166666667,0.5,1.0,0.25,0.9045,0.8273,4,6,1,2,0.08921491863921245,-0.43510176309572446,-0.6012688978323589,-1.9468348900279673
290,5PARTICIPANT_study3_2022-12-08_09h11.36.071.csv,0.166666667,0.5,1.0,0.25,0.8061,0.8273,5,8,1,2,-0.02595958190658198,-0.43510176309572446,-0.6012688978323589,-1.9468348900279673
291,5PARTICIPANT_study3_2022-12-08_09h11.36.071.csv,0.166666667,0.5,1.0,0.25,0.6925,0.8273,6,1,1,2,-0.17785914813464362,-0.43510176309572446,-0.6012688978323589,-1.9468348900279673
292,60317fc2c8f6320ecde4bcb3_study3_2022-12-08_15h50.15.939.csv,0.166666667,0.5,0.5,0.0,0.1056,1.0422,1,8,1,2,-2.2894307712029534,-0.43510176309572446,-0.8512688978323589,-1.9468348900279673
293,60317fc2c8f6320ecde4bcb3_study3_2022-12-08_15h50.15.939.csv,0.166666667,0.5,0.5,0.0,0.7132,1.0422,2,3,1,2,-0.3793272564861291,-0.43510176309572446,-0.8512688978323589,-1.9468348900279673
294,60317fc2c8f6320ecde4bcb3_study3_2022-12-08_15h50.15.939.csv,0.166666667,0.5,0.5,0.0,0.8223,1.0422,3,0,0,2,-0.23698385049826448,-0.43510176309572446,-0.8512688978323589,-1.9468348900279673
295,60317fc2c8f6320ecde4bcb3_study3_2022-12-08_15h50.15.939.csv,0.166666667,0.5,0.5,0.0,0.118,1.0422,4,7,1,2,-2.1784045180094496,-0.43510176309572446,-0.8512688978323589,-1.9468348900279673
296,60317fc2c8f6320ecde4bcb3_study3_2022-12-08_15h50.15.939.csv,0.166666667,0.5,0.5,0.0,0.9494,1.0422,5,5,1,2,-0.09325893635789662,-0.43510176309572446,-0.8512688978323589,-1.9468348900279673
297,60317fc2c8f6320ecde4bcb3_study3_2022-12-08_15h50.15.939.csv,0.166666667,0.5,0.5,0.0,7.6931,1.0422,6,2,1,2,1.9989899597294418,-0.43510176309572446,-0.8512688978323589,-1.9468348900279673
298,611e9c58009adf2fd5417cee_study3_2022-12-08_09h27.25.315.csv,0.333333333,0.5,1.0,0.0,0.8672,0.8422,1,6,1,2,0.029252114957554434,-0.6017684290957245,-0.8512688978323589,-1.9468348900279673
299,611e9c58009adf2fd5417cee_study3_2022-12-08_09h27.25.315.csv,0.333333333,0.5,1.0,0.0,0.7738,0.8422,2,0,0,2,-0.08470407346141474,-0.6017684290957245,-0.8512688978323589,-1.9468348900279673
300,611e9c58009adf2fd5417cee_study3_2022-12-08_09h27.25.315.csv,0.333333333,0.5,1.0,0.0,0.9913,0.8422,3,2,1,2,0.16299969731102443,-0.6017684290957245,-0.8512688978323589,-1.9468348900279673
301,611e9c58009adf2fd5417cee_study3_2022-12-08_09h27.25.315.csv,0.333333333,0.5,1.0,0.0,1.1014,0.8422,4,8,1,2,0.2683198611005537,-0.6017684290957245,-0.8512688978323589,-1.9468348900279673
302,611e9c58009adf2fd5417cee_study3_2022-12-08_09h27.25.315.csv,0.333333333,0.5,1.0,0.0,0.8871,0.8422,5,9,0,2,0.05194019979871378,-0.6017684290957245,-0.8512688978323589,-1.9468348900279673
303,611e9c58009adf2fd5417cee_study3_2022-12-08_09h27.25.315.csv,0.333333333,0.5,1.0,0.0,0.9905,0.8422,6,4,1,2,0.16219235041077834,-0.6017684290957245,-0.8512688978323589,-1.9468348900279673
304,5d973069cb19b600164e2195_study3_2022-12-08_09h34.13.425.csv,0.666666667,0.0,0.5,0.5,2.1532,1.0347,1,2,1,2,0.7328435780758974,-0.9351017630957245,-0.35126889783235893,-2.4468348900279673
305,5d973069cb19b600164e2195_study3_2022-12-08_09h34.13.425.csv,0.666666667,0.0,0.5,0.5,2.6419,1.0347,2,4,1,2,0.9373868256414819,-0.9351017630957245,-0.35126889783235893,-2.4468348900279673
306,5d973069cb19b600164e2195_study3_2022-12-08_09h34.13.425.csv,0.666666667,0.0,0.5,0.5,0.7687,1.0347,3,5,0,2,-0.2971660322558185,-0.9351017630957245,-0.35126889783235893,-2.4468348900279673
307,5d973069cb19b600164e2195_study3_2022-12-08_09h34.13.425.csv,0.666666667,0.0,0.5,0.5,0.9947,1.0347,4,7,0,2,-0.03942562445253662,-0.9351017630957245,-0.35126889783235893,-2.4468348900279673
308,5d973069cb19b600164e2195_study3_2022-12-08_09h34.13.425.csv,0.666666667,0.0,0.5,0.5,0.8539,1.0347,5,9,0,2,-0.19205271769734442,-0.9351017630957245,-0.35126889783235893,-2.4468348900279673
309,5d973069cb19b600164e2195_study3_2022-12-08_09h34.13.425.csv,0.666666667,0.0,0.5,0.5,0.2149,1.0347,6,8,0,2,-1.5716940049624402,-0.9351017630957245,-0.35126889783235893,-2.4468348900279673
310,5PARTICIPANT_study3_2022-12-08_12h01.29.947.csv,1.0,0.5,1.0,0.0,2.2707,0.9927,1,1,0,2,0.8274149293875553,-1.2684350960957245,-0.8512688978323589,-1.9468348900279673
311,5PARTICIPANT_study3_2022-12-08_12h01.29.947.csv,1.0,0.5,1.0,0.0,1.4019,0.9927,2,4,0,2,0.34515523477881394,-1.2684350960957245,-0.8512688978323589,-1.9468348900279673
312,5PARTICIPANT_study3_2022-12-08_12h01.29.947.csv,1.0,0.5,1.0,0.0,0.7171,0.9927,3,2,0,2,-0.32521320270714704,-1.2684350960957245,-0.8512688978323589,-1.9468348900279673
313,5PARTICIPANT_study3_2022-12-08_12h01.29.947.csv,1.0,0.5,1.0,0.0,0.8886,0.9927,4,3,0,2,-0.1107813130938681,-1.2684350960957245,-0.8512688978323589,-1.9468348900279673
314,5PARTICIPANT_study3_2022-12-08_12h01.29.947.csv,1.0,0.5,1.0,0.0,0.6169,0.9927,5,6,0,2,-0.47572156738008314,-1.2684350960957245,-0.8512688978323589,-1.9468348900279673
315,5PARTICIPANT_study3_2022-12-08_12h01.29.947.csv,1.0,0.5,1.0,0.0,3.0781,0.9927,6,0,0,2,1.1316392989043842,-1.2684350960957245,-0.8512688978323589,-1.9468348900279673
316,615a170c6eca532c6f57e09c_study3_2022-12-08_14h48.09.689.csv,0.833333333,0.25,0.75,0.75,0.5338,0.7304,1,9,0,2,-0.31357109231033486,-1.1017684290957246,-0.10126889783235893,-2.1968348900279673
317,615a170c6eca532c6f57e09c_study3_2022-12-08_14h48.09.689.csv,0.833333333,0.25,0.75,0.75,0.2455,0.7304,2,3,0,2,-1.0902953820461836,-1.1017684290957246,-0.10126889783235893,-2.1968348900279673
318,615a170c6eca532c6f57e09c_study3_2022-12-08_14h48.09.689.csv,0.833333333,0.25,0.75,0.75,0.7663,0.7304,3,0,1,2,0.047981408695599755,-1.1017684290957246,-0.10126889783235893,-2.1968348900279673
319,615a170c6eca532c6f57e09c_study3_2022-12-08_14h48.09.689.csv,0.833333333,0.25,0.75,0.75,0.8533,0.7304,4,8,0,2,0.15551885626178033,-1.1017684290957246,-0.10126889783235893,-2.1968348900279673
320,615a170c6eca532c6f57e09c_study3_2022-12-08_14h48.09.689.csv,0.833333333,0.25,0.75,0.75,0.6945,0.7304,5,2,0,2,-0.050400167086360304,-1.1017684290957246,-0.10126889783235893,-2.1968348900279673
321,615a170c6eca532c6f57e09c_study3_2022-12-08_14h48.09.689.csv,0.833333333,0.25,0.75,0.75,0.7498,0.7304,6,7,0,2,0.026214175021052926,-1.1017684290957246,-0.10126889783235893,-2.1968348900279673
322,6026a3507e666237c315a0b0_study3_2022-12-08_09h32.08.262.csv,0.0,0.75,0.75,0.25,0.9018,0.9865,1,8,1,2,-0.0897705594756862,-0.26843509609572447,-0.6012688978323589,-1.6968348900279673
323,6026a3507e666237c315a0b0_study3_2022-12-08_09h32.08.262.csv,0.0,0.75,0.75,0.25,0.3609,0.9865,2,3,1,2,-1.0055624138139272,-0.26843509609572447,-0.6012688978323589,-1.6968348900279673
324,6026a3507e666237c315a0b0_study3_2022-12-08_09h32.08.262.csv,0.0,0.75,0.75,0.25,0.2409,0.9865,3,7,1,2,-1.4097814158418445,-0.26843509609572447,-0.6012688978323589,-1.6968348900279673
325,6026a3507e666237c315a0b0_study3_2022-12-08_09h32.08.262.csv,0.0,0.75,0.75,0.25,0.2571,0.9865,4,2,1,2,-1.344698211190826,-0.26843509609572447,-0.6012688978323589,-1.6968348900279673
326,6026a3507e666237c315a0b0_study3_2022-12-08_09h32.08.262.csv,0.0,0.75,0.75,0.25,0.2266,0.9865,5,6,1,2,-1.4709769768687642,-0.26843509609572447,-0.6012688978323589,-1.6968348900279673
327,6026a3507e666237c315a0b0_study3_2022-12-08_09h32.08.262.csv,0.0,0.75,0.75,0.25,0.2343,0.9865,6,1,1,2,-1.43756097994892,-0.26843509609572447,-0.6012688978323589,-1.6968348900279673
328,60a6dd8779e3de1097e5d50a_study3_2022-12-08_09h48.20.796.csv,0.666666667,0.5,1.0,1.0,1.7762,1.0762,1,2,0,2,0.5010399327690843,-0.9351017630957245,0.14873110216764107,-1.9468348900279673
329,60a6dd8779e3de1097e5d50a_study3_2022-12-08_09h48.20.796.csv,0.666666667,0.5,1.0,1.0,0.7019,1.0762,2,8,0,2,-0.42740065331894356,-0.9351017630957245,0.14873110216764107,-1.9468348900279673
330,60a6dd8779e3de1097e5d50a_study3_2022-12-08_09h48.20.796.csv,0.666666667,0.5,1.0,1.0,0.8389,1.0762,3,0,0,2,-0.24910008720307047,-0.9351017630957245,0.14873110216764107,-1.9468348900279673
331,60a6dd8779e3de1097e5d50a_study3_2022-12-08_09h48.20.796.csv,0.666666667,0.5,1.0,1.0,3.9552,1.0762,4,1,0,2,1.3015948507679977,-0.9351017630957245,0.14873110216764107,-1.9468348900279673
332,60a6dd8779e3de1097e5d50a_study3_2022-12-08_09h48.20.796.csv,0.666666667,0.5,1.0,1.0,2.1675,1.0762,5,4,1,2,0.7001381115993777,-0.9351017630957245,0.14873110216764107,-1.9468348900279673
333,60a6dd8779e3de1097e5d50a_study3_2022-12-08_09h48.20.796.csv,0.666666667,0.5,1.0,1.0,2.4939,1.0762,6,7,1,2,0.8404114321498327,-0.9351017630957245,0.14873110216764107,-1.9468348900279673
334,5f0f7fe1d7ad1c000b42d091_study3_2022-12-08_15h03.30.847.csv,1.0,0.5,1.0,0.0,3.8374,1.0517,1,3,0,2,1.2943871513980159,-1.2684350960957245,-0.8512688978323589,-1.9468348900279673
335,5f0f7fe1d7ad1c000b42d091_study3_2022-12-08_15h03.30.847.csv,1.0,0.5,1.0,0.0,0.8859,1.0517,2,2,0,2,-0.17155910410799605,-1.2684350960957245,-0.8512688978323589,-1.9468348900279673
336,5f0f7fe1d7ad1c000b42d091_study3_2022-12-08_15h03.30.847.csv,1.0,0.5,1.0,0.0,0.9683,1.0517,3,0,0,2,-0.0826212249084973,-1.2684350960957245,-0.8512688978323589,-1.9468348900279673
337,5f0f7fe1d7ad1c000b42d091_study3_2022-12-08_15h03.30.847.csv,1.0,0.5,1.0,0.0,1.1505,1.0517,4,1,0,2,0.08978872794943792,-1.2684350960957245,-0.8512688978323589,-1.9468348900279673
338,5f0f7fe1d7ad1c000b42d091_study3_2022-12-08_15h03.30.847.csv,1.0,0.5,1.0,0.0,0.8847,1.0517,5,5,0,2,-0.17291457703664245,-1.2684350960957245,-0.8512688978323589,-1.9468348900279673
339,5f0f7fe1d7ad1c000b42d091_study3_2022-12-08_15h03.30.847.csv,1.0,0.5,1.0,0.0,1.0114,1.0517,6,4,0,2,-0.039072392880100136,-1.2684350960957245,-0.8512688978323589,-1.9468348900279673
340,5b9aed646a11180001a8082e_study3_2022-12-08_14h48.11.964.csv,0.166666667,0.5,1.0,0.5,2.4911,0.77305,1,8,1,2,1.17013592942808,-0.43510176309572446,-0.35126889783235893,-1.9468348900279673
341,5b9aed646a11180001a8082e_study3_2022-12-08_14h48.11.964.csv,0.166666667,0.5,1.0,0.5,0.7677,0.77305,2,4,1,2,-0.0069446977147506975,-0.43510176309572446,-0.35126889783235893,-1.9468348900279673
342,5b9aed646a11180001a8082e_study3_2022-12-08_14h48.11.964.csv,0.166666667,0.5,1.0,0.5,0.7382,0.77305,3,0,0,2,-0.046128938952705464,-0.43510176309572446,-0.35126889783235893,-1.9468348900279673
343,5b9aed646a11180001a8082e_study3_2022-12-08_14h48.11.964.csv,0.166666667,0.5,1.0,0.5,0.7342,0.77305,4,2,1,2,-0.05156225848586969,-0.43510176309572446,-0.35126889783235893,-1.9468348900279673
344,5b9aed646a11180001a8082e_study3_2022-12-08_14h48.11.964.csv,0.166666667,0.5,1.0,0.5,0.7042,0.77305,5,7,1,2,-0.09328132282765135,-0.43510176309572446,-0.35126889783235893,-1.9468348900279673
345,5b9aed646a11180001a8082e_study3_2022-12-08_14h48.11.964.csv,0.166666667,0.5,1.0,0.5,0.3107,0.77305,6,9,1,2,-0.9115159131496019,-0.43510176309572446,-0.35126889783235893,-1.9468348900279673
346,606dd5bde7bc8c04efce0fba_study3_2022-12-08_10h11.58.421.csv,1.0,0.5,1.0,1.0,7.851,1.6565,1,3,0,2,1.555933969458305,-1.2684350960957245,0.14873110216764107,-1.9468348900279673
347,606dd5bde7bc8c04efce0fba_study3_2022-12-08_10h11.58.421.csv,1.0,0.5,1.0,1.0,0.104,1.6565,2,2,0,2,-2.768071322598578,-1.2684350960957245,0.14873110216764107,-1.9468348900279673
348,606dd5bde7bc8c04efce0fba_study3_2022-12-08_10h11.58.421.csv,1.0,0.5,1.0,1.0,0.666,1.6565,3,8,0,2,-0.9111725511995614,-1.2684350960957245,0.14873110216764107,-1.9468348900279673
349,606dd5bde7bc8c04efce0fba_study3_2022-12-08_10h11.58.421.csv,1.0,0.5,1.0,1.0,4.411,1.6565,4,1,0,2,0.979394478364989,-1.2684350960957245,0.14873110216764107,-1.9468348900279673
350,606dd5bde7bc8c04efce0fba_study3_2022-12-08_10h11.58.421.csv,1.0,0.5,1.0,1.0,6.457,1.6565,5,9,0,2,1.3604578708865165,-1.2684350960957245,0.14873110216764107,-1.9468348900279673
351,606dd5bde7bc8c04efce0fba_study3_2022-12-08_10h11.58.421.csv,1.0,0.5,1.0,1.0,1.705,1.6565,6,6,0,2,0.02885816797766659,-1.2684350960957245,0.14873110216764107,-1.9468348900279673
352,5f9c70519242e010e0f1c608_study3_2022-12-08_09h19.12.832.csv,0.833333333,0.5,1.0,1.0,1.284,0.7013,1,0,0,2,0.6047997287070417,-1.1017684290957246,0.14873110216764107,-1.9468348900279673
353,5f9c70519242e010e0f1c608_study3_2022-12-08_09h19.12.832.csv,0.833333333,0.5,1.0,1.0,0.5455,0.7013,2,6,0,2,-0.25123295026973935,-1.1017684290957246,0.14873110216764107,-1.9468348900279673
354,5f9c70519242e010e0f1c608_study3_2022-12-08_09h19.12.832.csv,0.833333333,0.5,1.0,1.0,1.0484,0.7013,3,4,0,2,0.40208471590638645,-1.1017684290957246,0.14873110216764107,-1.9468348900279673
355,5f9c70519242e010e0f1c608_study3_2022-12-08_09h19.12.832.csv,0.833333333,0.5,1.0,1.0,0.3248,0.7013,4,7,0,2,-0.7697261472553419,-1.1017684290957246,0.14873110216764107,-1.9468348900279673
356,5f9c70519242e010e0f1c608_study3_2022-12-08_09h19.12.832.csv,0.833333333,0.5,1.0,1.0,3.1841,0.7013,5,1,0,2,1.512989197963394,-1.1017684290957246,0.14873110216764107,-1.9468348900279673
357,5f9c70519242e010e0f1c608_study3_2022-12-08_09h19.12.832.csv,0.833333333,0.5,1.0,1.0,2.7172,0.7013,6,2,1,2,1.354421461774282,-1.1017684290957246,0.14873110216764107,-1.9468348900279673
358,5Lau93_study3_2022-12-08_15h49.18.268.csv,1.0,1.0,0.5,0.5,2.737,1.1915,1,5,0,2,0.8316494125018823,-1.2684350960957245,-0.35126889783235893,-1.4468348900279673
359,5Lau93_study3_2022-12-08_15h49.18.268.csv,1.0,1.0,0.5,0.5,0.819,1.1915,2,8,0,2,-0.3748842126857274,-1.2684350960957245,-0.35126889783235893,-1.4468348900279673
360,5Lau93_study3_2022-12-08_15h49.18.268.csv,1.0,1.0,0.5,0.5,0.169,1.1915,3,9,0,2,-1.9530695816157233,-1.2684350960957245,-0.35126889783235893,-1.4468348900279673
361,5Lau93_study3_2022-12-08_15h49.18.268.csv,1.0,1.0,0.5,0.5,0.809,1.1915,4,4,0,2,-0.38716937948030505,-1.2684350960957245,-0.35126889783235893,-1.4468348900279673
362,5Lau93_study3_2022-12-08_15h49.18.268.csv,1.0,1.0,0.5,0.5,0.418,1.1915,5,7,0,2,-1.0474868640140407,-1.2684350960957245,-0.35126889783235893,-1.4468348900279673
363,5Lau93_study3_2022-12-08_15h49.18.268.csv,1.0,1.0,0.5,0.5,2.251,1.1915,6,0,0,2,0.6361615443679355,-1.2684350960957245,-0.35126889783235893,-1.4468348900279673
364,5cfcf07cee119e000103de71_study3_2022-12-08_08h27.03.078.csv,1.0,0.5,1.0,0.0,3.8372,0.6579,1,3,0,2,1.7634452688518403,-1.2684350960957245,-0.8512688978323589,-1.9468348900279673
365,5cfcf07cee119e000103de71_study3_2022-12-08_08h27.03.078.csv,1.0,0.5,1.0,0.0,1.4181,0.6579,2,2,0,2,0.768020282375348,-1.2684350960957245,-0.8512688978323589,-1.9468348900279673
366,5cfcf07cee119e000103de71_study3_2022-12-08_08h27.03.078.csv,1.0,0.5,1.0,0.0,0.7344,0.6579,3,4,0,2,0.11000089521432849,-1.2684350960957245,-0.8512688978323589,-1.9468348900279673
367,5cfcf07cee119e000103de71_study3_2022-12-08_08h27.03.078.csv,1.0,0.5,1.0,0.0,0.5081,0.6579,4,7,0,2,-0.25837466549226606,-1.2684350960957245,-0.8512688978323589,-1.9468348900279673
368,5cfcf07cee119e000103de71_study3_2022-12-08_08h27.03.078.csv,1.0,0.5,1.0,0.0,0.6525,0.6579,5,8,0,2,-0.008241804895103868,-1.2684350960957245,-0.8512688978323589,-1.9468348900279673
369,5cfcf07cee119e000103de71_study3_2022-12-08_08h27.03.078.csv,1.0,0.5,1.0,0.0,0.769,0.6579,6,0,0,2,0.1560380254136918,-1.2684350960957245,-0.8512688978323589,-1.9468348900279673
370,5b0710e7a84dcf0001beee8a_study3_2022-12-08_14h48.13.036.csv,0.5,0.5,1.0,0.25,2.212,1.5516,1,0,1,2,0.35461042707641344,-0.7684350960957245,-0.6012688978323589,-1.9468348900279673
371,5b0710e7a84dcf0001beee8a_study3_2022-12-08_14h48.13.036.csv,0.5,0.5,1.0,0.25,8.3836,1.5516,2,9,1,2,1.6869907599331924,-0.7684350960957245,-0.6012688978323589,-1.9468348900279673
372,5b0710e7a84dcf0001beee8a_study3_2022-12-08_14h48.13.036.csv,0.5,0.5,1.0,0.25,1.5506,1.5516,3,4,0,2,-0.0006447037809535483,-0.7684350960957245,-0.6012688978323589,-1.9468348900279673
373,5b0710e7a84dcf0001beee8a_study3_2022-12-08_14h48.13.036.csv,0.5,0.5,1.0,0.25,1.5528,1.5516,4,1,1,2,0.0007730962889882331,-0.7684350960957245,-0.6012688978323589,-1.9468348900279673
374,5b0710e7a84dcf0001beee8a_study3_2022-12-08_14h48.13.036.csv,0.5,0.5,1.0,0.25,5.057,1.5516,5,6,0,2,1.181486765514171,-0.7684350960957245,-0.6012688978323589,-1.9468348900279673
375,5b0710e7a84dcf0001beee8a_study3_2022-12-08_14h48.13.036.csv,0.5,0.5,1.0,0.25,7.3683,1.5516,6,7,0,2,1.5579003581528097,-0.7684350960957245,-0.6012688978323589,-1.9468348900279673
376,5fc60be0227abc1b525a09a8_study3_2022-12-08_10h03.58.512.csv,0.666666667,0.5,1.0,1.0,0.7552,0.93475,1,8,0,2,-0.21329649902593215,-0.9351017630957245,0.14873110216764107,-1.9468348900279673
377,5fc60be0227abc1b525a09a8_study3_2022-12-08_10h03.58.512.csv,0.666666667,0.5,1.0,1.0,3.8138,0.93475,2,6,0,2,1.4061022325433035,-0.9351017630957245,0.14873110216764107,-1.9468348900279673
378,5fc60be0227abc1b525a09a8_study3_2022-12-08_10h03.58.512.csv,0.666666667,0.5,1.0,1.0,1.5762,0.93475,3,0,1,2,0.5224930520623262,-0.9351017630957245,0.14873110216764107,-1.9468348900279673
379,5fc60be0227abc1b525a09a8_study3_2022-12-08_10h03.58.512.csv,0.666666667,0.5,1.0,1.0,1.6939,0.93475,4,4,0,2,0.5945097277351131,-0.9351017630957245,0.14873110216764107,-1.9468348900279673
380,5fc60be0227abc1b525a09a8_study3_2022-12-08_10h03.58.512.csv,0.666666667,0.5,1.0,1.0,2.9778,0.93475,5,5,0,2,1.158660937964227,-0.9351017630957245,0.14873110216764107,-1.9468348900279673
381,5fc60be0227abc1b525a09a8_study3_2022-12-08_10h03.58.512.csv,0.666666667,0.5,1.0,1.0,1.5783,0.93475,6,2,1,2,0.5238244835476482,-0.9351017630957245,0.14873110216764107,-1.9468348900279673
382,6166e78051425fa22de68491_study3_2022-12-08_14h45.08.366.csv,1.0,0.5,1.0,0.0,3.5673,1.0359,1,3,0,2,1.2365383930475864,-1.2684350960957245,-0.8512688978323589,-1.9468348900279673
383,6166e78051425fa22de68491_study3_2022-12-08_14h45.08.366.csv,1.0,0.5,1.0,0.0,1.808,1.0359,2,9,0,2,0.5569506478880655,-1.2684350960957245,-0.8512688978323589,-1.9468348900279673
384,6166e78051425fa22de68491_study3_2022-12-08_14h45.08.366.csv,1.0,0.5,1.0,0.0,0.9321,1.0359,3,8,0,2,-0.10558578799694493,-1.2684350960957245,-0.8512688978323589,-1.9468348900279673
385,6166e78051425fa22de68491_study3_2022-12-08_14h45.08.366.csv,1.0,0.5,1.0,0.0,1.1529,1.0359,4,5,0,2,0.10700989317485153,-1.2684350960957245,-0.8512688978323589,-1.9468348900279673
386,6166e78051425fa22de68491_study3_2022-12-08_14h45.08.366.csv,1.0,0.5,1.0,0.0,0.9728,1.0359,5,0,0,2,-0.06284738185215381,-1.2684350960957245,-0.8512688978323589,-1.9468348900279673
387,6166e78051425fa22de68491_study3_2022-12-08_14h45.08.366.csv,1.0,0.5,1.0,0.0,1.8651,1.0359,6,1,0,2,0.5880440568793451,-1.2684350960957245,-0.8512688978323589,-1.9468348900279673
388,60d51a3f5496a458dc0d4716_study3_2022-12-08_16h23.26.079.csv,0.833333333,0.5,1.0,0.25,2.3178,1.1526,1,4,0,2,0.6985981998977245,-1.1017684290957246,-0.6012688978323589,-1.9468348900279673
389,60d51a3f5496a458dc0d4716_study3_2022-12-08_16h23.26.079.csv,0.833333333,0.5,1.0,0.25,0.8173,1.1526,2,1,0,2,-0.343769314480482,-1.1017684290957246,-0.6012688978323589,-1.9468348900279673
390,60d51a3f5496a458dc0d4716_study3_2022-12-08_16h23.26.079.csv,0.833333333,0.5,1.0,0.25,0.9506,1.1526,3,9,0,2,-0.192682174822657,-1.1017684290957246,-0.6012688978323589,-1.9468348900279673
391,60d51a3f5496a458dc0d4716_study3_2022-12-08_16h23.26.079.csv,0.833333333,0.5,1.0,0.25,2.7787,1.1526,4,5,1,2,0.8799629324117476,-1.1017684290957246,-0.6012688978323589,-1.9468348900279673
392,60d51a3f5496a458dc0d4716_study3_2022-12-08_16h23.26.079.csv,0.833333333,0.5,1.0,0.25,0.6273,1.1526,5,2,0,2,-0.6083506438998685,-1.1017684290957246,-0.6012688978323589,-1.9468348900279673
393,60d51a3f5496a458dc0d4716_study3_2022-12-08_16h23.26.079.csv,0.833333333,0.5,1.0,0.25,1.3008,1.1526,6,8,0,2,0.12095919979098006,-1.1017684290957246,-0.6012688978323589,-1.9468348900279673
394,5d60061e45714d00019ad6a4_study3_2022-12-08_15h48.36.688.csv,0.666666667,0.75,0.75,0.0,0.8648,0.83225,1,7,1,2,0.03836538986986413,-0.9351017630957245,-0.8512688978323589,-1.6968348900279673
395,5d60061e45714d00019ad6a4_study3_2022-12-08_15h48.36.688.csv,0.666666667,0.75,0.75,0.0,4.5456,0.83225,2,6,1,2,1.6977821346447892,-0.9351017630957245,-0.8512688978323589,-1.6968348900279673
396,5d60061e45714d00019ad6a4_study3_2022-12-08_15h48.36.688.csv,0.666666667,0.75,0.75,0.0,0.3456,0.83225,3,8,0,2,-0.8788508395252338,-0.9351017630957245,-0.8512688978323589,-1.6968348900279673
397,5d60061e45714d00019ad6a4_study3_2022-12-08_15h48.36.688.csv,0.666666667,0.75,0.75,0.0,0.571,0.83225,4,5,0,2,-0.37674366679912424,-0.9351017630957245,-0.8512688978323589,-1.6968348900279673
398,5d60061e45714d00019ad6a4_study3_2022-12-08_15h48.36.688.csv,0.666666667,0.75,0.75,0.0,0.8048,0.83225,5,3,0,2,-0.033539077109659636,-0.9351017630957245,-0.8512688978323589,-1.6968348900279673
399,5d60061e45714d00019ad6a4_study3_2022-12-08_15h48.36.688.csv,0.666666667,0.75,0.75,0.0,1.699,0.83225,6,1,0,2,0.7136622452167976,-0.9351017630957245,-0.8512688978323589,-1.6968348900279673
400,5PARTICIPANT_study3_2022-12-08_09h54.26.475.csv,0.5,0.5,1.0,0.25,2.8279,0.82375,1,1,1,2,1.233422579895618,-0.7684350960957245,-0.6012688978323589,-1.9468348900279673
401,5PARTICIPANT_study3_2022-12-08_09h54.26.475.csv,0.5,0.5,1.0,0.25,0.2436,0.82375,2,0,0,2,-1.2183395499809748,-0.7684350960957245,-0.6012688978323589,-1.9468348900279673
402,5PARTICIPANT_study3_2022-12-08_09h54.26.475.csv,0.5,0.5,1.0,0.25,0.3129,0.82375,3,6,0,2,-0.9679834351418805,-0.7684350960957245,-0.6012688978323589,-1.9468348900279673
403,5PARTICIPANT_study3_2022-12-08_09h54.26.475.csv,0.5,0.5,1.0,0.25,0.3728,0.82375,4,9,1,2,-0.7928250030052807,-0.7684350960957245,-0.6012688978323589,-1.9468348900279673
404,5PARTICIPANT_study3_2022-12-08_09h54.26.475.csv,0.5,0.5,1.0,0.25,0.2227,0.82375,5,2,1,2,-1.308041511553395,-0.7684350960957245,-0.6012688978323589,-1.9468348900279673
405,5PARTICIPANT_study3_2022-12-08_09h54.26.475.csv,0.5,0.5,1.0,0.25,0.2229,0.82375,6,8,0,2,-1.3071438454248938,-0.7684350960957245,-0.6012688978323589,-1.9468348900279673
406,5ca65510a0b6540012283c32_study3_2022-12-08_10h00.28.248.csv,0.0,1.0,0.5,0.5,6.8937,1.0972,1,2,1,2,1.8378464709655522,-0.26843509609572447,-0.35126889783235893,-1.4468348900279673
407,5ca65510a0b6540012283c32_study3_2022-12-08_10h00.28.248.csv,0.0,1.0,0.5,0.5,1.8923,1.0972,2,3,1,2,0.5450315403465567,-0.26843509609572447,-0.35126889783235893,-1.4468348900279673
408,5ca65510a0b6540012283c32_study3_2022-12-08_10h00.28.248.csv,0.0,1.0,0.5,0.5,1.1786,1.0972,3,0,1,2,0.07156581334036494,-0.26843509609572447,-0.35126889783235893,-1.4468348900279673
409,5ca65510a0b6540012283c32_study3_2022-12-08_10h00.28.248.csv,0.0,1.0,0.5,0.5,1.7771,1.0972,4,7,1,2,0.48222134212799245,-0.26843509609572447,-0.35126889783235893,-1.4468348900279673
410,5ca65510a0b6540012283c32_study3_2022-12-08_10h00.28.248.csv,0.0,1.0,0.5,0.5,1.0423,1.0972,5,4,1,2,-0.051331670318171534,-0.26843509609572447,-0.35126889783235893,-1.4468348900279673
411,5ca65510a0b6540012283c32_study3_2022-12-08_10h00.28.248.csv,0.0,1.0,0.5,0.5,0.7745,1.0972,6,8,1,2,-0.34829909920652485,-0.26843509609572447,-0.35126889783235893,-1.4468348900279673
412,62fc94176ecdef3f7bd04833_study3_2022-12-08_15h02.04.880.csv,1.0,0.5,1.0,1.0,1.749,0.9452,1,3,0,2,0.6154029297058493,-1.2684350960957245,0.14873110216764107,-1.9468348900279673
413,62fc94176ecdef3f7bd04833_study3_2022-12-08_15h02.04.880.csv,1.0,0.5,1.0,1.0,1.6584,0.9452,2,4,0,2,0.5622120158088171,-1.2684350960957245,0.14873110216764107,-1.9468348900279673
414,62fc94176ecdef3f7bd04833_study3_2022-12-08_15h02.04.880.csv,1.0,0.5,1.0,1.0,1.1051,0.9452,3,9,0,2,0.15629456228198363,-1.2684350960957245,0.14873110216764107,-1.9468348900279673
415,62fc94176ecdef3f7bd04833_study3_2022-12-08_15h02.04.880.csv,1.0,0.5,1.0,1.0,1.1246,0.9452,4,1,0,2,0.1737861505453486,-1.2684350960957245,0.14873110216764107,-1.9468348900279673
416,62fc94176ecdef3f7bd04833_study3_2022-12-08_15h02.04.880.csv,1.0,0.5,1.0,1.0,2.9331,0.9452,5,2,0,2,1.1324186178669824,-1.2684350960957245,0.14873110216764107,-1.9468348900279673
417,62fc94176ecdef3f7bd04833_study3_2022-12-08_15h02.04.880.csv,1.0,0.5,1.0,1.0,0.4892,0.9452,6,5,0,2,-0.6586251414997356,-1.2684350960957245,0.14873110216764107,-1.9468348900279673
418,62aa33eec600b41d4dc4b4e8_study3_2022-12-08_14h51.43.021.csv,1.0,0.5,1.0,0.25,1.3751,0.90465,1,4,0,2,0.4187336061637937,-1.2684350960957245,-0.6012688978323589,-1.9468348900279673
419,62aa33eec600b41d4dc4b4e8_study3_2022-12-08_14h51.43.021.csv,1.0,0.5,1.0,0.25,0.5717,0.90465,2,0,0,2,-0.4589337502951799,-1.2684350960957245,-0.6012688978323589,-1.9468348900279673
420,62aa33eec600b41d4dc4b4e8_study3_2022-12-08_14h51.43.021.csv,1.0,0.5,1.0,0.25,6.987,0.90465,3,7,0,2,2.0442584299873454,-1.2684350960957245,-0.6012688978323589,-1.9468348900279673
421,62aa33eec600b41d4dc4b4e8_study3_2022-12-08_14h51.43.021.csv,1.0,0.5,1.0,0.25,0.5242,0.90465,4,9,0,2,-0.5456748376757994,-1.2684350960957245,-0.6012688978323589,-1.9468348900279673
422,62aa33eec600b41d4dc4b4e8_study3_2022-12-08_14h51.43.021.csv,1.0,0.5,1.0,0.25,0.6083,0.90465,5,8,0,2,-0.3968799472384459,-1.2684350960957245,-0.6012688978323589,-1.9468348900279673
423,62aa33eec600b41d4dc4b4e8_study3_2022-12-08_14h51.43.021.csv,1.0,0.5,1.0,0.25,0.7573,0.90465,6,5,0,2,-0.1777886524453285,-1.2684350960957245,-0.6012688978323589,-1.9468348900279673
424,5PARTICIPANT_study3_2022-12-08_08h42.30.538.csv,0.5,0.75,0.75,0.0,6.687,1.0055,1,1,1,2,1.8946804128412718,-0.7684350960957245,-0.8512688978323589,-1.6968348900279673
425,5PARTICIPANT_study3_2022-12-08_08h42.30.538.csv,0.5,0.75,0.75,0.0,0.964,1.0055,2,5,1,2,-0.04214891460216124,-0.7684350960957245,-0.8512688978323589,-1.6968348900279673
426,5PARTICIPANT_study3_2022-12-08_08h42.30.538.csv,0.5,0.75,0.75,0.0,0.897,1.0055,3,6,0,2,-0.1141843471539107,-0.7684350960957245,-0.8512688978323589,-1.6968348900279673
427,5PARTICIPANT_study3_2022-12-08_08h42.30.538.csv,0.5,0.75,0.75,0.0,0.985,1.0055,4,8,0,2,-0.020598568040617958,-0.7684350960957245,-0.8512688978323589,-1.6968348900279673
428,5PARTICIPANT_study3_2022-12-08_08h42.30.538.csv,0.5,0.75,0.75,0.0,1.162,1.0055,5,4,1,2,0.1446577281991496,-0.7684350960957245,-0.8512688978323589,-1.6968348900279673
429,5PARTICIPANT_study3_2022-12-08_08h42.30.538.csv,0.5,0.75,0.75,0.0,0.92,1.0055,6,0,0,2,-0.08886653916962073,-0.7684350960957245,-0.8512688978323589,-1.6968348900279673
430,5Adonai_study3_2022-12-08_09h26.27.426.csv,1.0,0.5,1.0,0.0,1.1386,0.89915,1,8,0,2,0.2361048439057757,-1.2684350960957245,-0.8512688978323589,-1.9468348900279673
431,5Adonai_study3_2022-12-08_09h26.27.426.csv,1.0,0.5,1.0,0.0,1.088599999,0.89915,2,3,0,2,0.19119787247028266,-1.2684350960957245,-0.8512688978323589,-1.9468348900279673
432,5Adonai_study3_2022-12-08_09h26.27.426.csv,1.0,0.5,1.0,0.0,1.038400001,0.89915,3,7,0,2,0.14398647430163983,-1.2684350960957245,-0.8512688978323589,-1.9468348900279673
433,5Adonai_study3_2022-12-08_09h26.27.426.csv,1.0,0.5,1.0,0.0,1.039400001,0.89915,4,2,0,2,0.1449490309252291,-1.2684350960957245,-0.8512688978323589,-1.9468348900279673
434,5Adonai_study3_2022-12-08_09h26.27.426.csv,1.0,0.5,1.0,0.0,1.0379,0.89915,5,9,0,2,0.14350484736003755,-1.2684350960957245,-0.8512688978323589,-1.9468348900279673
435,5Adonai_study3_2022-12-08_09h26.27.426.csv,1.0,0.5,1.0,0.0,0.5864,0.89915,6,4,0,2,-0.42744772203876413,-1.2684350960957245,-0.8512688978323589,-1.9468348900279673
436,5PARTICIPANT_study3_2022-12-08_14h54.32.801.csv,0.833333333,0.5,1.0,0.0,3.6002,0.6758,1,4,0,2,1.6728475041764148,-1.1017684290957246,-0.8512688978323589,-1.9468348900279673
437,5PARTICIPANT_study3_2022-12-08_14h54.32.801.csv,0.833333333,0.5,1.0,0.0,2.7718,0.6758,2,7,1,2,1.4113550333545124,-1.1017684290957246,-0.8512688978323589,-1.9468348900279673
438,5PARTICIPANT_study3_2022-12-08_14h54.32.801.csv,0.833333333,0.5,1.0,0.0,0.6747,0.6758,3,1,0,2,-0.0016290266468099075,-1.1017684290957246,-0.8512688978323589,-1.9468348900279673
439,5PARTICIPANT_study3_2022-12-08_14h54.32.801.csv,0.833333333,0.5,1.0,0.0,0.6261,0.6758,4,0,0,2,-0.07638707152892475,-1.1017684290957246,-0.8512688978323589,-1.9468348900279673
440,5PARTICIPANT_study3_2022-12-08_14h54.32.801.csv,0.833333333,0.5,1.0,0.0,0.5013,0.6758,5,9,0,2,-0.2986924500107319,-1.1017684290957246,-0.8512688978323589,-1.9468348900279673
441,5PARTICIPANT_study3_2022-12-08_14h54.32.801.csv,0.833333333,0.5,1.0,0.0,0.5686,0.6758,6,8,0,2,-0.17271997506329004,-1.1017684290957246,-0.8512688978323589,-1.9468348900279673
442,5f09f8393ca8420e457c44c3_study3_2022-12-08_08h20.51.873.csv,0.833333333,0.5,1.0,0.0,0.9517,0.9052,1,8,0,2,0.05009394531891549,-1.1017684290957246,-0.8512688978323589,-1.9468348900279673
443,5f09f8393ca8420e457c44c3_study3_2022-12-08_08h20.51.873.csv,0.833333333,0.5,1.0,0.0,0.5838,0.9052,2,0,0,2,-0.43859745533936795,-1.1017684290957246,-0.8512688978323589,-1.9468348900279673
444,5f09f8393ca8420e457c44c3_study3_2022-12-08_08h20.51.873.csv,0.833333333,0.5,1.0,0.0,0.3976,0.9052,3,7,0,2,-0.8227094389769634,-1.1017684290957246,-0.8512688978323589,-1.9468348900279673
445,5f09f8393ca8420e457c44c3_study3_2022-12-08_08h20.51.873.csv,0.833333333,0.5,1.0,0.0,0.3632,0.9052,4,1,1,2,-0.913202267032244,-1.1017684290957246,-0.8512688978323589,-1.9468348900279673
446,5f09f8393ca8420e457c44c3_study3_2022-12-08_08h20.51.873.csv,0.833333333,0.5,1.0,0.0,0.6598,0.9052,5,4,0,2,-0.3162191549649012,-1.1017684290957246,-0.8512688978323589,-1.9468348900279673
447,5f09f8393ca8420e457c44c3_study3_2022-12-08_08h20.51.873.csv,0.833333333,0.5,1.0,0.0,0.2851,0.9052,6,3,0,2,-1.155315917840756,-1.1017684290957246,-0.8512688978323589,-1.9468348900279673
448,5b421b9ac2e3810001763252_study3_2022-12-08_12h03.39.632.csv,0.833333333,0.5,1.0,0.0,2.3219,0.93675,1,7,0,2,0.9077246573345233,-1.1017684290957246,-0.8512688978323589,-1.9468348900279673
449,5b421b9ac2e3810001763252_study3_2022-12-08_12h03.39.632.csv,0.833333333,0.5,1.0,0.0,2.5707,0.93675,2,1,1,2,1.009517076669386,-1.1017684290957246,-0.8512688978323589,-1.9468348900279673
450,5b421b9ac2e3810001763252_study3_2022-12-08_12h03.39.632.csv,0.833333333,0.5,1.0,0.0,1.0018,0.93675,3,9,0,2,0.06713722324971977,-1.1017684290957246,-0.8512688978323589,-1.9468348900279673
451,5b421b9ac2e3810001763252_study3_2022-12-08_12h03.39.632.csv,0.833333333,0.5,1.0,0.0,1.5815,0.93675,4,4,0,2,0.5237126050719066,-1.1017684290957246,-0.8512688978323589,-1.9468348900279673
452,5b421b9ac2e3810001763252_study3_2022-12-08_12h03.39.632.csv,0.833333333,0.5,1.0,0.0,1.5922,0.93675,5,0,0,2,0.5304555489806811,-1.1017684290957246,-0.8512688978323589,-1.9468348900279673
453,5b421b9ac2e3810001763252_study3_2022-12-08_12h03.39.632.csv,0.833333333,0.5,1.0,0.0,0.8736,0.93675,6,3,0,2,-0.06979383268315612,-1.1017684290957246,-0.8512688978323589,-1.9468348900279673
454,5c0ed000fd0c0a0001f881ea_study3_2022-12-08_10h46.50.832.csv,1.0,0.5,1.0,0.25,2.105,0.997,1,4,0,2,0.7473199761546434,-1.2684350960957245,-0.6012688978323589,-1.9468348900279673
455,5c0ed000fd0c0a0001f881ea_study3_2022-12-08_10h46.50.832.csv,1.0,0.5,1.0,0.25,0.819,0.997,2,0,0,2,-0.19666668610876897,-1.2684350960957245,-0.6012688978323589,-1.9468348900279673
456,5c0ed000fd0c0a0001f881ea_study3_2022-12-08_10h46.50.832.csv,1.0,0.5,1.0,0.25,3.404,0.997,3,5,0,2,1.2279557197314264,-1.2684350960957245,-0.6012688978323589,-1.9468348900279673
457,5c0ed000fd0c0a0001f881ea_study3_2022-12-08_10h46.50.832.csv,1.0,0.5,1.0,0.25,1.116,0.997,4,9,0,2,0.112755372979418,-1.2684350960957245,-0.6012688978323589,-1.9468348900279673
458,5c0ed000fd0c0a0001f881ea_study3_2022-12-08_10h46.50.832.csv,1.0,0.5,1.0,0.25,0.917,0.997,5,6,0,2,-0.08364329770537345,-1.2684350960957245,-0.6012688978323589,-1.9468348900279673
459,5c0ed000fd0c0a0001f881ea_study3_2022-12-08_10h46.50.832.csv,1.0,0.5,1.0,0.25,0.77,0.997,6,3,0,2,-0.25836025511410876,-1.2684350960957245,-0.6012688978323589,-1.9468348900279673
460,5d0c90dc3382180015624ad9_study3_2022-12-08_15h37.44.509.csv,0.5,0.5,1.0,0.75,2.3677,1.1698,1,1,1,2,0.7050862257800286,-0.7684350960957245,-0.10126889783235893,-1.9468348900279673
461,5d0c90dc3382180015624ad9_study3_2022-12-08_15h37.44.509.csv,0.5,0.5,1.0,0.75,1.2358,1.1698,2,4,1,2,0.054885739617953885,-0.7684350960957245,-0.10126889783235893,-1.9468348900279673
462,5d0c90dc3382180015624ad9_study3_2022-12-08_15h37.44.509.csv,0.5,0.5,1.0,0.75,4.5289,1.1698,3,9,0,2,1.353646290374179,-0.7684350960957245,-0.10126889783235893,-1.9468348900279673
463,5d0c90dc3382180015624ad9_study3_2022-12-08_15h37.44.509.csv,0.5,0.5,1.0,0.75,2.7742,1.1698,4,7,0,2,0.8635296233202643,-0.7684350960957245,-0.10126889783235893,-1.9468348900279673
464,5d0c90dc3382180015624ad9_study3_2022-12-08_15h37.44.509.csv,0.5,0.5,1.0,0.75,2.6639,1.1698,5,0,0,2,0.8229584204092658,-0.7684350960957245,-0.10126889783235893,-1.9468348900279673
465,5d0c90dc3382180015624ad9_study3_2022-12-08_15h37.44.509.csv,0.5,0.5,1.0,0.75,3.101,1.1698,6,8,1,2,0.9748918460915236,-0.7684350960957245,-0.10126889783235893,-1.9468348900279673
466,6278d1758a5f6d5af02d863c_study3_2022-12-08_18h01.19.381.csv,0.833333333,0.5,1.0,1.0,2.8091,1.07335,1,5,0,2,0.9620795486280869,-1.1017684290957246,0.14873110216764107,-1.9468348900279673
467,6278d1758a5f6d5af02d863c_study3_2022-12-08_18h01.19.381.csv,0.833333333,0.5,1.0,1.0,1.6266,1.07335,2,9,1,2,0.4157073480325774,-1.1017684290957246,0.14873110216764107,-1.9468348900279673
468,6278d1758a5f6d5af02d863c_study3_2022-12-08_18h01.19.381.csv,0.833333333,0.5,1.0,1.0,1.7531,1.07335,3,2,0,2,0.49060105065973103,-1.1017684290957246,0.14873110216764107,-1.9468348900279673
469,6278d1758a5f6d5af02d863c_study3_2022-12-08_18h01.19.381.csv,0.833333333,0.5,1.0,1.0,1.2491,1.07335,4,3,0,2,0.15163869327176607,-1.1017684290957246,0.14873110216764107,-1.9468348900279673
470,6278d1758a5f6d5af02d863c_study3_2022-12-08_18h01.19.381.csv,0.833333333,0.5,1.0,1.0,0.8542,1.07335,5,6,0,2,-0.2283745192927314,-1.1017684290957246,0.14873110216764107,-1.9468348900279673
471,6278d1758a5f6d5af02d863c_study3_2022-12-08_18h01.19.381.csv,0.833333333,0.5,1.0,1.0,1.6692,1.07335,6,7,0,2,0.44155987101730004,-1.1017684290957246,0.14873110216764107,-1.9468348900279673
472,5ffc6ebd8f29260965cd1eed_study3_2022-12-08_09h29.20.154.csv,0.666666667,0.5,0.5,0.75,0.6172,1.0255,1,8,0,2,-0.5077424570234297,-0.9351017630957245,-0.10126889783235893,-1.9468348900279673
473,5ffc6ebd8f29260965cd1eed_study3_2022-12-08_09h29.20.154.csv,0.666666667,0.5,0.5,0.75,0.8748,1.0255,2,0,0,2,-0.1589402887098226,-0.9351017630957245,-0.10126889783235893,-1.9468348900279673
474,5ffc6ebd8f29260965cd1eed_study3_2022-12-08_09h29.20.154.csv,0.666666667,0.5,0.5,0.75,0.8344,1.0255,3,6,1,2,-0.20622267382587273,-0.9351017630957245,-0.10126889783235893,-1.9468348900279673
475,5ffc6ebd8f29260965cd1eed_study3_2022-12-08_09h29.20.154.csv,0.666666667,0.5,0.5,0.75,0.791,1.0255,4,5,0,2,-0.2596376097447815,-0.9351017630957245,-0.10126889783235893,-1.9468348900279673
476,5ffc6ebd8f29260965cd1eed_study3_2022-12-08_09h29.20.154.csv,0.666666667,0.5,0.5,0.75,0.8505,1.0255,5,2,1,2,-0.18711116567651884,-0.9351017630957245,-0.10126889783235893,-1.9468348900279673
477,5ffc6ebd8f29260965cd1eed_study3_2022-12-08_09h29.20.154.csv,0.666666667,0.5,0.5,0.75,1.2649,1.0255,6,7,0,2,0.20981276914106067,-0.9351017630957245,-0.10126889783235893,-1.9468348900279673
478,59b536d60516f6000197c3f9_study3_2022-12-08_10h45.20.710.csv,0.5,0.5,1.0,1.0,0.6026,0.6416,1,9,0,2,-0.0627114298561038,-0.7684350960957245,0.14873110216764107,-1.9468348900279673
479,59b536d60516f6000197c3f9_study3_2022-12-08_10h45.20.710.csv,0.5,0.5,1.0,1.0,0.8172,0.6416,2,7,1,2,0.24191880639116245,-0.7684350960957245,0.14873110216764107,-1.9468348900279673
480,59b536d60516f6000197c3f9_study3_2022-12-08_10h45.20.710.csv,0.5,0.5,1.0,1.0,0.5321,0.6416,3,0,0,2,-0.18713361494998096,-0.7684350960957245,0.14873110216764107,-1.9468348900279673
481,59b536d60516f6000197c3f9_study3_2022-12-08_10h45.20.710.csv,0.5,0.5,1.0,1.0,0.9727,0.6416,4,3,1,2,0.41611065332309,-0.7684350960957245,0.14873110216764107,-1.9468348900279673
482,59b536d60516f6000197c3f9_study3_2022-12-08_10h45.20.710.csv,0.5,0.5,1.0,1.0,0.4065,0.6416,5,8,0,2,-0.45638112756443955,-0.7684350960957245,0.14873110216764107,-1.9468348900279673
483,59b536d60516f6000197c3f9_study3_2022-12-08_10h45.20.710.csv,0.5,0.5,1.0,1.0,1.5239,0.6416,6,4,1,2,0.8650630607435104,-0.7684350960957245,0.14873110216764107,-1.9468348900279673
484,5d920df12b679a00182bbc73_study3_2022-12-08_09h30.47.755.csv,0.833333333,0.5,1.0,0.5,4.293,0.772,1,4,1,2,1.7157565181997845,-1.1017684290957246,-0.35126889783235893,-1.9468348900279673
485,5d920df12b679a00182bbc73_study3_2022-12-08_09h30.47.755.csv,0.833333333,0.5,1.0,0.5,0.889,0.772,2,5,0,2,0.1411126854891285,-1.1017684290957246,-0.35126889783235893,-1.9468348900279673
486,5d920df12b679a00182bbc73_study3_2022-12-08_09h30.47.755.csv,0.833333333,0.5,1.0,0.5,1.654,0.772,3,3,0,2,0.7619673255588603,-1.1017684290957246,-0.35126889783235893,-1.9468348900279673
487,5d920df12b679a00182bbc73_study3_2022-12-08_09h30.47.755.csv,0.833333333,0.5,1.0,0.5,0.785,0.772,4,1,0,2,0.01669916775763232,-1.1017684290957246,-0.35126889783235893,-1.9468348900279673
488,5d920df12b679a00182bbc73_study3_2022-12-08_09h30.47.755.csv,0.833333333,0.5,1.0,0.5,0.705,0.772,5,9,0,2,-0.09078674721250761,-1.1017684290957246,-0.35126889783235893,-1.9468348900279673
489,5d920df12b679a00182bbc73_study3_2022-12-08_09h30.47.755.csv,0.833333333,0.5,1.0,0.5,1.488,0.772,6,6,0,2,0.656203665368261,-1.1017684290957246,-0.35126889783235893,-1.9468348900279673
