sub,SR Evidence,bias_highbaserate,pre_map_change,post_map_change,rt_planning_pr,median_RT_actionselection,trial_num,planning_q,PR_individual_answers,experiment
55b2d3f2fdf99b525bc839aa_study6_2023-08-14_11h59.05.301.csv,0.333333333,0.25,0,0,14.3636,0.8801,1,5,1,1
55b2d3f2fdf99b525bc839aa_study6_2023-08-14_11h59.05.301.csv,0.333333333,0.25,0,0,13.8355,0.8801,2,2,0,1
55b2d3f2fdf99b525bc839aa_study6_2023-08-14_11h59.05.301.csv,0.333333333,0.25,0,0,8.5645,0.8801,3,6,0,1
63eae4994d8e22b28bccb864_study6_2023-08-18_01h08.41.365.csv,0.666666667,0.5,0.5,0.25,0.642,1.115,1,6,0,1
63eae4994d8e22b28bccb864_study6_2023-08-18_01h08.41.365.csv,0.666666667,0.5,0.5,0.25,0.502,1.115,2,2,0,1
63eae4994d8e22b28bccb864_study6_2023-08-18_01h08.41.365.csv,0.666666667,0.5,0.5,0.25,0.367,1.115,3,0,0,1
63eae4994d8e22b28bccb864_study6_2023-08-18_01h08.41.365.csv,0.666666667,0.5,0.5,0.25,0.653,1.115,4,4,0,1
5eb32b8adc8fc511560fca82_study6_2023-08-17_20h08.36.015.csv,0.333333333,0,0.25,0,1.7091,0.8571,1,5,0,1
5eb32b8adc8fc511560fca82_study6_2023-08-17_20h08.36.015.csv,0.333333333,0,0.25,0,2.1683,0.8571,2,4,1,1
5eb32b8adc8fc511560fca82_study6_2023-08-17_20h08.36.015.csv,0.333333333,0,0.25,0,0.9334,0.8571,3,0,0,1
5eb32b8adc8fc511560fca82_study6_2023-08-17_20h08.36.015.csv,0.333333333,0,0.25,0,0.1341,0.8571,4,3,1,1
5edeea354d54cb1a825aa8f9_study6_2023-08-18_01h08.35.051.csv,0.5,0.5,0.5,0,3.707,1.117,1,1,1,1
5edeea354d54cb1a825aa8f9_study6_2023-08-18_01h08.35.051.csv,0.5,0.5,0.5,0,2.592,1.117,2,0,0,1
5edeea354d54cb1a825aa8f9_study6_2023-08-18_01h08.35.051.csv,0.5,0.5,0.5,0,1.24,1.117,3,7,0,1
5edeea354d54cb1a825aa8f9_study6_2023-08-18_01h08.35.051.csv,0.5,0.5,0.5,0,1.27,1.117,4,5,0,1
64139d773ac9a0278d479b1c_study6_2023-08-14_15h13.26.605.csv,0.666666667,0.5,0.5,0.25,2.6572,0.9356,1,7,0,1
64139d773ac9a0278d479b1c_study6_2023-08-14_15h13.26.605.csv,0.666666667,0.5,0.5,0.25,1.5713,0.9356,2,1,0,1
64139d773ac9a0278d479b1c_study6_2023-08-14_15h13.26.605.csv,0.666666667,0.5,0.5,0.25,4.0775,0.9356,3,3,0,1
64139d773ac9a0278d479b1c_study6_2023-08-14_15h13.26.605.csv,0.666666667,0.5,0.5,0.25,3.677,0.9356,4,4,0,1
5f280d1533b5cf085a06e2ad_study6_2023-08-14_15h17.07.536.csv,0.666666667,0.5,0.5,0.25,0.7916,0.8542,1,7,0,1
5f280d1533b5cf085a06e2ad_study6_2023-08-14_15h17.07.536.csv,0.666666667,0.5,0.5,0.25,0.8778,0.8542,2,6,0,1
5f280d1533b5cf085a06e2ad_study6_2023-08-14_15h17.07.536.csv,0.666666667,0.5,0.5,0.25,0.7677,0.8542,3,2,0,1
5f280d1533b5cf085a06e2ad_study6_2023-08-14_15h17.07.536.csv,0.666666667,0.5,0.5,0.25,0.8846,0.8542,4,5,0,1
609140cea1442672dd2141d7_study6_2023-08-14_17h33.29.125.csv,0.333333333,0.25,0.5,0,1.5837,1.0084,1,5,0,1
609140cea1442672dd2141d7_study6_2023-08-14_17h33.29.125.csv,0.333333333,0.25,0.5,0,1.1564,1.0084,2,7,1,1
609140cea1442672dd2141d7_study6_2023-08-14_17h33.29.125.csv,0.333333333,0.25,0.5,0,1.2258,1.0084,3,2,0,1
609140cea1442672dd2141d7_study6_2023-08-14_17h33.29.125.csv,0.333333333,0.25,0.5,0,0.9889,1.0084,4,3,1,1
5aafd9eff69e940001d88bf4_study6_2023-08-14_15h17.37.738.csv,0.666666667,0.5,0.5,0.25,3.9869,1.08605,1,1,0,1
5aafd9eff69e940001d88bf4_study6_2023-08-14_15h17.37.738.csv,0.666666667,0.5,0.5,0.25,0.6682,1.08605,2,4,0,1
5aafd9eff69e940001d88bf4_study6_2023-08-14_15h17.37.738.csv,0.666666667,0.5,0.5,0.25,0.384,1.08605,3,5,0,1
5aafd9eff69e940001d88bf4_study6_2023-08-14_15h17.37.738.csv,0.666666667,0.5,0.5,0.25,1.1516,1.08605,4,0,0,1
5b648251bd56550001bf31fd_study6_2023-08-14_16h13.15.663.csv,0.5,0.75,0.25,0,7.315,0.9107,1,0,0,1
5b648251bd56550001bf31fd_study6_2023-08-14_16h13.15.663.csv,0.5,0.75,0.25,0,6.4153,0.9107,2,7,0,1
5b648251bd56550001bf31fd_study6_2023-08-14_16h13.15.663.csv,0.5,0.75,0.25,0,6.2298,0.9107,3,2,0,1
5study6_2023-08-14_17h35.30.229.csv,0.166666667,0,0.25,0,0.0047,0.919,1,3,1,1
5study6_2023-08-14_17h35.30.229.csv,0.166666667,0,0.25,0,0.8193,0.919,2,5,1,1
5study6_2023-08-14_17h35.30.229.csv,0.166666667,0,0.25,0,1.0001,0.919,3,2,1,1
5study6_2023-08-14_17h35.30.229.csv,0.166666667,0,0.25,0,1.015,0.919,4,0,0,1
5study6_2023-08-14_18h25.13.383.csv,0,0.75,0.25,0,4.4551,0.8338,1,1,1,1
5study6_2023-08-14_18h25.13.383.csv,0,0.75,0.25,0,0.8714,0.8338,2,6,1,1
5study6_2023-08-14_18h25.13.383.csv,0,0.75,0.25,0,0.9723,0.8338,3,0,1,1
5study6_2023-08-14_18h25.13.383.csv,0,0.75,0.25,0,0.4846,0.8338,4,2,1,1
63ed27349738654dde4655ae_study6_2023-08-14_17h33.35.679.csv,0.666666667,0.5,0.5,0.25,0.6073,0.6834,1,4,0,1
63ed27349738654dde4655ae_study6_2023-08-14_17h33.35.679.csv,0.666666667,0.5,0.5,0.25,0.2845,0.6834,2,1,0,1
63ed27349738654dde4655ae_study6_2023-08-14_17h33.35.679.csv,0.666666667,0.5,0.5,0.25,0.3414,0.6834,3,5,0,1
63ed27349738654dde4655ae_study6_2023-08-14_17h33.35.679.csv,0.666666667,0.5,0.5,0.25,0.3768,0.6834,4,7,0,1
614e2446523bb49af662fb62_study6_2023-08-14_12h09.04.866.csv,0.5,0,0.25,0.25,5.323,0.7292,1,5,1,1
614e2446523bb49af662fb62_study6_2023-08-14_12h09.04.866.csv,0.5,0,0.25,0.25,0.4862,0.7292,2,6,0,1
614e2446523bb49af662fb62_study6_2023-08-14_12h09.04.866.csv,0.5,0,0.25,0.25,2.3757,0.7292,3,7,0,1
614e2446523bb49af662fb62_study6_2023-08-14_12h09.04.866.csv,0.5,0,0.25,0.25,1.8615,0.7292,4,0,0,1
5study6_2023-08-14_16h13.23.056.csv,0.666666667,0.5,0.5,0.25,1.5071,0.76845,1,7,0,1
5study6_2023-08-14_16h13.23.056.csv,0.666666667,0.5,0.5,0.25,0.4757,0.76845,2,4,0,1
5study6_2023-08-14_16h13.23.056.csv,0.666666667,0.5,0.5,0.25,0.6513,0.76845,3,2,0,1
5study6_2023-08-14_16h13.23.056.csv,0.666666667,0.5,0.5,0.25,1.185,0.76845,4,3,0,1
63d196c147d1f420690e5b87_study6_2023-08-18_01h08.31.061.csv,0.333333333,0.25,0.25,0,4.2667,0.8573,1,3,0,1
63d196c147d1f420690e5b87_study6_2023-08-18_01h08.31.061.csv,0.333333333,0.25,0.25,0,1.9854,0.8573,2,7,1,1
63d196c147d1f420690e5b87_study6_2023-08-18_01h08.31.061.csv,0.333333333,0.25,0.25,0,0.8003,0.8573,3,2,0,1
63d196c147d1f420690e5b87_study6_2023-08-18_01h08.31.061.csv,0.333333333,0.25,0.25,0,1.5026,0.8573,4,4,1,1
62f3b543dce069211e8e982c_study6_2023-08-14_17h41.48.779.csv,0.333333333,0.5,0.25,0,1.1419,0.9003,1,5,1,1
62f3b543dce069211e8e982c_study6_2023-08-14_17h41.48.779.csv,0.333333333,0.5,0.25,0,0.7707,0.9003,2,3,1,1
62f3b543dce069211e8e982c_study6_2023-08-14_17h41.48.779.csv,0.333333333,0.5,0.25,0,0.8524,0.9003,3,4,0,1
62f3b543dce069211e8e982c_study6_2023-08-14_17h41.48.779.csv,0.333333333,0.5,0.25,0,1.7076,0.9003,4,7,0,1
55da1c4669dbc30010b67569_study6_2023-08-14_18h05.01.462.csv,0,0.5,0.5,0.25,1.1511,0.8839,1,5,1,1
55da1c4669dbc30010b67569_study6_2023-08-14_18h05.01.462.csv,0,0.5,0.5,0.25,1.4027,0.8839,2,0,1,1
55da1c4669dbc30010b67569_study6_2023-08-14_18h05.01.462.csv,0,0.5,0.5,0.25,1.7735,0.8839,3,1,1,1
55da1c4669dbc30010b67569_study6_2023-08-14_18h05.01.462.csv,0,0.5,0.5,0.25,0.8914,0.8839,4,4,1,1
5study6_2023-08-14_17h32.13.327.csv,0.166666667,0.5,0.5,0,1.1041,0.6859,1,4,1,1
5study6_2023-08-14_17h32.13.327.csv,0.166666667,0.5,0.5,0,1.0754,0.6859,2,3,0,1
5study6_2023-08-14_17h32.13.327.csv,0.166666667,0.5,0.5,0,3.0949,0.6859,3,6,1,1
5study6_2023-08-14_17h32.13.327.csv,0.166666667,0.5,0.5,0,0.7708,0.6859,4,1,1,1
644e757b60476ac7d5a7717a_study6_2023-08-14_11h43.28.021.csv,0,0.5,0.5,0,3.2439,0.95095,1,2,1,1
644e757b60476ac7d5a7717a_study6_2023-08-14_11h43.28.021.csv,0,0.5,0.5,0,0.6577,0.95095,2,4,1,1
644e757b60476ac7d5a7717a_study6_2023-08-14_11h43.28.021.csv,0,0.5,0.5,0,1.7069,0.95095,3,7,1,1
644e757b60476ac7d5a7717a_study6_2023-08-14_11h43.28.021.csv,0,0.5,0.5,0,2.058,0.95095,4,0,1,1
5study6_2023-08-17_19h08.56.829.csv,0.333333333,0.75,0.25,0,2.407,0.847,1,2,1,1
5study6_2023-08-17_19h08.56.829.csv,0.333333333,0.75,0.25,0,1.888,0.847,2,0,0,1
5study6_2023-08-17_19h08.56.829.csv,0.333333333,0.75,0.25,0,1.458,0.847,3,7,1,1
5study6_2023-08-17_19h08.56.829.csv,0.333333333,0.75,0.25,0,1.229,0.847,4,4,0,1
56ce42d9465e580006846f57_study6_2023-08-14_15h13.17.694.csv,0.666666667,0.5,0.5,0,3.1203,0.7201,1,0,0,1
56ce42d9465e580006846f57_study6_2023-08-14_15h13.17.694.csv,0.666666667,0.5,0.5,0,2.4843,0.7201,2,7,0,1
56ce42d9465e580006846f57_study6_2023-08-14_15h13.17.694.csv,0.666666667,0.5,0.5,0,0.9902,0.7201,3,3,0,1
56ce42d9465e580006846f57_study6_2023-08-14_15h13.17.694.csv,0.666666667,0.5,0.5,0,0.7364,0.7201,4,5,0,1
5Bee_study6_2023-08-14_12h49.38.721.csv,0.5,0.5,0.5,0,1.2341,0.73,1,4,0,1
5Bee_study6_2023-08-14_12h49.38.721.csv,0.5,0.5,0.5,0,0.7023,0.73,2,3,0,1
5Bee_study6_2023-08-14_12h49.38.721.csv,0.5,0.5,0.5,0,0.6501,0.73,3,5,0,1
5Bee_study6_2023-08-14_12h49.38.721.csv,0.5,0.5,0.5,0,1.151,0.73,4,1,1,1
5c3b70640eaa0100018ea877_study6_2023-08-17_20h08.23.247.csv,0.666666667,0.25,0.25,0,0.631,1.223,1,5,0,1
5c3b70640eaa0100018ea877_study6_2023-08-17_20h08.23.247.csv,0.666666667,0.25,0.25,0,1.624,1.223,2,6,0,1
5c3b70640eaa0100018ea877_study6_2023-08-17_20h08.23.247.csv,0.666666667,0.25,0.25,0,0.913,1.223,3,0,0,1
5c3b70640eaa0100018ea877_study6_2023-08-17_20h08.23.247.csv,0.666666667,0.25,0.25,0,1.371,1.223,4,3,0,1
5study6_2023-08-14_15h13.08.651.csv,0.166666667,0.25,0.25,0,2.0288,0.8466,1,6,1,1
5study6_2023-08-14_15h13.08.651.csv,0.166666667,0.25,0.25,0,0.2846,0.8466,2,0,1,1
5study6_2023-08-14_15h13.08.651.csv,0.166666667,0.25,0.25,0,1.353,0.8466,3,5,1,1
5study6_2023-08-14_15h13.08.651.csv,0.166666667,0.25,0.25,0,0.3985,0.8466,4,1,0,1
6483648c280beabafcb3797e_study6_2023-08-14_17h35.17.544.csv,0.5,0.25,0.5,0.25,3.0055,0.887,1,6,0,1
6483648c280beabafcb3797e_study6_2023-08-14_17h35.17.544.csv,0.5,0.25,0.5,0.25,0.6225,0.887,2,2,0,1
6483648c280beabafcb3797e_study6_2023-08-14_17h35.17.544.csv,0.5,0.25,0.5,0.25,0.7105,0.887,3,4,0,1
6483648c280beabafcb3797e_study6_2023-08-14_17h35.17.544.csv,0.5,0.25,0.5,0.25,0.3854,0.887,4,0,1,1
61237068bc84f5037bd32443_study6_2023-08-14_19h33.06.044.csv,0.666666667,0,0.25,0,1.4315,0.85375,1,4,0,1
61237068bc84f5037bd32443_study6_2023-08-14_19h33.06.044.csv,0.666666667,0,0.25,0,1.0545,0.85375,2,2,0,1
61237068bc84f5037bd32443_study6_2023-08-14_19h33.06.044.csv,0.666666667,0,0.25,0,2.9734,0.85375,3,7,0,1
61237068bc84f5037bd32443_study6_2023-08-14_19h33.06.044.csv,0.666666667,0,0.25,0,0.5352,0.85375,4,3,0,1
5study6_2023-08-14_15h18.10.842.csv,0.666666667,0.25,0.25,0,2.9022,0.9802,1,4,0,1
5study6_2023-08-14_15h18.10.842.csv,0.666666667,0.25,0.25,0,2.9278,0.9802,2,5,0,1
5study6_2023-08-14_15h18.10.842.csv,0.666666667,0.25,0.25,0,1.5047,0.9802,3,0,0,1
5study6_2023-08-14_15h18.10.842.csv,0.666666667,0.25,0.25,0,1.7999,0.9802,4,6,0,1
63ea5f39871e9fdef021a53d_study6_2023-08-14_16h06.25.068.csv,0.333333333,0.5,0.5,0,6.2381,0.81625,1,0,0,1
63ea5f39871e9fdef021a53d_study6_2023-08-14_16h06.25.068.csv,0.333333333,0.5,0.5,0,1.3181,0.81625,2,4,0,1
63ea5f39871e9fdef021a53d_study6_2023-08-14_16h06.25.068.csv,0.333333333,0.5,0.5,0,1.0519,0.81625,3,5,1,1
63ea5f39871e9fdef021a53d_study6_2023-08-14_16h06.25.068.csv,0.333333333,0.5,0.5,0,0.7512,0.81625,4,3,1,1
63052f20afc39e87110eb83e_study6_2023-08-14_12h38.59.035.csv,0.666666667,0.5,0.5,0.25,3.1166,1.0576,1,4,0,1
63052f20afc39e87110eb83e_study6_2023-08-14_12h38.59.035.csv,0.666666667,0.5,0.5,0.25,4.5053,1.0576,2,3,0,1
63052f20afc39e87110eb83e_study6_2023-08-14_12h38.59.035.csv,0.666666667,0.5,0.5,0.25,3.3876,1.0576,3,2,0,1
63052f20afc39e87110eb83e_study6_2023-08-14_12h38.59.035.csv,0.666666667,0.5,0.5,0.25,4.1811,1.0576,4,0,0,1
5b2bcfb51835660001cc6751_study6_2023-08-14_20h17.28.155.csv,0.333333333,0.5,0.5,0,0.283,1.209,1,4,1,1
5b2bcfb51835660001cc6751_study6_2023-08-14_20h17.28.155.csv,0.333333333,0.5,0.5,0,1.218,1.209,2,7,0,1
5b2bcfb51835660001cc6751_study6_2023-08-14_20h17.28.155.csv,0.333333333,0.5,0.5,0,1.605,1.209,3,2,1,1
5b2bcfb51835660001cc6751_study6_2023-08-14_20h17.28.155.csv,0.333333333,0.5,0.5,0,1.115,1.209,4,3,0,1
63a439dbbbc878947742d7f7_study6_2023-08-14_12h12.42.182.csv,0.166666667,0.25,0.5,0,0.3357,0.7417,1,5,1,1
63a439dbbbc878947742d7f7_study6_2023-08-14_12h12.42.182.csv,0.166666667,0.25,0.5,0,0.3296,0.7417,2,6,0,1
63a439dbbbc878947742d7f7_study6_2023-08-14_12h12.42.182.csv,0.166666667,0.25,0.5,0,0.2849,0.7417,3,3,1,1
63a439dbbbc878947742d7f7_study6_2023-08-14_12h12.42.182.csv,0.166666667,0.25,0.5,0,0.2605,0.7417,4,7,1,1
63d69e4d6648b39324fdf0ad_study6_2023-08-17_20h13.24.744.csv,0.166666667,0.75,0.25,0,2.268,0.7557,1,2,1,1
63d69e4d6648b39324fdf0ad_study6_2023-08-17_20h13.24.744.csv,0.166666667,0.75,0.25,0,0.718,0.7557,2,4,0,1
63d69e4d6648b39324fdf0ad_study6_2023-08-17_20h13.24.744.csv,0.166666667,0.75,0.25,0,1.1765,0.7557,3,6,1,1
63d69e4d6648b39324fdf0ad_study6_2023-08-17_20h13.24.744.csv,0.166666667,0.75,0.25,0,1.1521,0.7557,4,7,1,1
5beecf340431f3000193c926_study6_2023-08-14_15h13.42.422.csv,0.333333333,0.5,0.5,0,1.887,0.8695,1,4,1,1
5beecf340431f3000193c926_study6_2023-08-14_15h13.42.422.csv,0.333333333,0.5,0.5,0,1.001,0.8695,2,3,0,1
5beecf340431f3000193c926_study6_2023-08-14_15h13.42.422.csv,0.333333333,0.5,0.5,0,0.933,0.8695,3,1,0,1
5beecf340431f3000193c926_study6_2023-08-14_15h13.42.422.csv,0.333333333,0.5,0.5,0,1.101,0.8695,4,5,1,1
5study6_2023-08-14_17h34.42.363.csv,0.5,0.5,0.5,0.25,1.9181,0.6328,1,1,1,1
5study6_2023-08-14_17h34.42.363.csv,0.5,0.5,0.5,0.25,0.6028,0.6328,2,2,0,1
5study6_2023-08-14_17h34.42.363.csv,0.5,0.5,0.5,0.25,0.1881,0.6328,3,0,0,1
5study6_2023-08-14_17h34.42.363.csv,0.5,0.5,0.5,0.25,0.5429,0.6328,4,4,0,1
5study6_2023-08-14_08h21.38.177.csv,0.5,0.5,0.5,0.25,2.217,0.734,1,2,0,1
5study6_2023-08-14_08h21.38.177.csv,0.5,0.5,0.5,0.25,2.486,0.734,2,4,0,1
5study6_2023-08-14_08h21.38.177.csv,0.5,0.5,0.5,0.25,2.882,0.734,3,7,0,1
5study6_2023-08-14_08h21.38.177.csv,0.5,0.5,0.5,0.25,1.152,0.734,4,3,1,1
5Mir_study6_2023-08-14_13h13.21.451.csv,0.666666667,0.25,0.5,0.25,4.8193,0.857,1,2,0,1
5Mir_study6_2023-08-14_13h13.21.451.csv,0.666666667,0.25,0.5,0.25,0.5755,0.857,2,0,0,1
5Mir_study6_2023-08-14_13h13.21.451.csv,0.666666667,0.25,0.5,0.25,0.9033,0.857,3,4,0,1
5Mir_study6_2023-08-14_13h13.21.451.csv,0.666666667,0.25,0.5,0.25,0.7699,0.857,4,5,0,1
5PARTICIPANT_study3_2022-12-08_14h47.51.313.csv,0.666666667,0.5,1,0,0.8186,1.0542,1,9,1,2
5PARTICIPANT_study3_2022-12-08_14h47.51.313.csv,0.666666667,0.5,1,0,0.9341,1.0542,2,2,0,2
5PARTICIPANT_study3_2022-12-08_14h47.51.313.csv,0.666666667,0.5,1,0,0.8844,1.0542,3,0,0,2
5PARTICIPANT_study3_2022-12-08_14h47.51.313.csv,0.666666667,0.5,1,0,1.1168,1.0542,4,3,0,2
5PARTICIPANT_study3_2022-12-08_14h47.51.313.csv,0.666666667,0.5,1,0,1.2117,1.0542,5,6,0,2
5PARTICIPANT_study3_2022-12-08_14h47.51.313.csv,0.666666667,0.5,1,0,1.1168,1.0542,6,1,1,2
587d4ed4e4404c0001c9d1b9_study3_2022-12-08_15h02.54.969.csv,1,0.5,1,0,1.7554,0.91215,1,4,0,2
587d4ed4e4404c0001c9d1b9_study3_2022-12-08_15h02.54.969.csv,1,0.5,1,0,0.4767,0.91215,2,0,0,2
587d4ed4e4404c0001c9d1b9_study3_2022-12-08_15h02.54.969.csv,1,0.5,1,0,0.7004,0.91215,3,8,0,2
587d4ed4e4404c0001c9d1b9_study3_2022-12-08_15h02.54.969.csv,1,0.5,1,0,1.7608,0.91215,4,9,0,2
587d4ed4e4404c0001c9d1b9_study3_2022-12-08_15h02.54.969.csv,1,0.5,1,0,0.7115,0.91215,5,2,0,2
587d4ed4e4404c0001c9d1b9_study3_2022-12-08_15h02.54.969.csv,1,0.5,1,0,0.8725,0.91215,6,1,0,2
5d430fdf871f1700017b2a81_study3_2022-12-08_09h13.48.176.csv,0.166666667,0.5,1,0,1.9935,1.2194,1,5,1,2
5d430fdf871f1700017b2a81_study3_2022-12-08_09h13.48.176.csv,0.166666667,0.5,1,0,1.5394,1.2194,2,1,1,2
5d430fdf871f1700017b2a81_study3_2022-12-08_09h13.48.176.csv,0.166666667,0.5,1,0,2.1478,1.2194,3,9,1,2
5d430fdf871f1700017b2a81_study3_2022-12-08_09h13.48.176.csv,0.166666667,0.5,1,0,2.551,1.2194,4,8,0,2
5d430fdf871f1700017b2a81_study3_2022-12-08_09h13.48.176.csv,0.166666667,0.5,1,0,1.2641,1.2194,5,7,1,2
5d430fdf871f1700017b2a81_study3_2022-12-08_09h13.48.176.csv,0.166666667,0.5,1,0,2.634,1.2194,6,2,1,2
6116f7d468a5db3c416d5f00_study3_2022-12-08_10h26.40.788.csv,0,0,0.5,0.75,2.7354,1.47275,1,7,1,2
6116f7d468a5db3c416d5f00_study3_2022-12-08_10h26.40.788.csv,0,0,0.5,0.75,2.5527,1.47275,2,6,1,2
6116f7d468a5db3c416d5f00_study3_2022-12-08_10h26.40.788.csv,0,0,0.5,0.75,1.4291,1.47275,3,1,1,2
6116f7d468a5db3c416d5f00_study3_2022-12-08_10h26.40.788.csv,0,0,0.5,0.75,2.4062,1.47275,4,9,1,2
6116f7d468a5db3c416d5f00_study3_2022-12-08_10h26.40.788.csv,0,0,0.5,0.75,3.5367,1.47275,5,8,1,2
6116f7d468a5db3c416d5f00_study3_2022-12-08_10h26.40.788.csv,0,0,0.5,0.75,1.9249,1.47275,6,3,1,2
5PARTICIPANT_study3_2022-12-08_09h37.49.224.csv,1,0.25,0.25,0.25,0.7927,0.9573,1,9,0,2
5PARTICIPANT_study3_2022-12-08_09h37.49.224.csv,1,0.25,0.25,0.25,1.1909,0.9573,2,0,0,2
5PARTICIPANT_study3_2022-12-08_09h37.49.224.csv,1,0.25,0.25,0.25,0.8239,0.9573,3,1,0,2
5PARTICIPANT_study3_2022-12-08_09h37.49.224.csv,1,0.25,0.25,0.25,0.6425,0.9573,4,3,0,2
5PARTICIPANT_study3_2022-12-08_09h37.49.224.csv,1,0.25,0.25,0.25,0.8889,0.9573,5,7,0,2
5PARTICIPANT_study3_2022-12-08_09h37.49.224.csv,1,0.25,0.25,0.25,0.9545,0.9573,6,4,0,2
5acc65f668b65b00018db322_study3_2022-12-08_16h55.23.348.csv,0.833333333,0.5,1,1,14.67,0.8845,1,0,0,2
5acc65f668b65b00018db322_study3_2022-12-08_16h55.23.348.csv,0.833333333,0.5,1,1,4.1266,0.8845,2,4,0,2
5acc65f668b65b00018db322_study3_2022-12-08_16h55.23.348.csv,0.833333333,0.5,1,1,0.8747,0.8845,3,1,0,2
5acc65f668b65b00018db322_study3_2022-12-08_16h55.23.348.csv,0.833333333,0.5,1,1,1.1273,0.8845,4,5,0,2
5acc65f668b65b00018db322_study3_2022-12-08_16h55.23.348.csv,0.833333333,0.5,1,1,2.5338,0.8845,5,9,0,2
5acc65f668b65b00018db322_study3_2022-12-08_16h55.23.348.csv,0.833333333,0.5,1,1,0.9756,0.8845,6,3,1,2
5PARTICIPANT_study3_2022-12-08_10h22.01.344.csv,1,0.5,1,1,1.675,1.1135,1,0,0,2
5PARTICIPANT_study3_2022-12-08_10h22.01.344.csv,1,0.5,1,1,1.254,1.1135,2,3,0,2
5PARTICIPANT_study3_2022-12-08_10h22.01.344.csv,1,0.5,1,1,0.991,1.1135,3,8,0,2
5PARTICIPANT_study3_2022-12-08_10h22.01.344.csv,1,0.5,1,1,1.375,1.1135,4,9,0,2
5PARTICIPANT_study3_2022-12-08_10h22.01.344.csv,1,0.5,1,1,0.984,1.1135,5,1,0,2
5PARTICIPANT_study3_2022-12-08_10h22.01.344.csv,1,0.5,1,1,1.207,1.1135,6,5,0,2
5d4ce3e7ffbcf800179d56cd_study3_2022-12-08_08h22.14.031.csv,0.833333333,0.5,1,0.5,3.3836,1.12055,1,4,1,2
5d4ce3e7ffbcf800179d56cd_study3_2022-12-08_08h22.14.031.csv,0.833333333,0.5,1,0.5,4.6047,1.12055,2,2,0,2
5d4ce3e7ffbcf800179d56cd_study3_2022-12-08_08h22.14.031.csv,0.833333333,0.5,1,0.5,0.8511,1.12055,3,5,0,2
5d4ce3e7ffbcf800179d56cd_study3_2022-12-08_08h22.14.031.csv,0.833333333,0.5,1,0.5,2.4015,1.12055,4,8,0,2
5d4ce3e7ffbcf800179d56cd_study3_2022-12-08_08h22.14.031.csv,0.833333333,0.5,1,0.5,1.5878,1.12055,5,7,0,2
5d4ce3e7ffbcf800179d56cd_study3_2022-12-08_08h22.14.031.csv,0.833333333,0.5,1,0.5,0.8334,1.12055,6,9,0,2
5PARTICIPANT_study3_2022-12-08_14h49.19.560.csv,0.666666667,0.25,0.75,0.75,3.6242,0.9028,1,4,0,2
5PARTICIPANT_study3_2022-12-08_14h49.19.560.csv,0.666666667,0.25,0.75,0.75,2.6727,0.9028,2,2,1,2
5PARTICIPANT_study3_2022-12-08_14h49.19.560.csv,0.666666667,0.25,0.75,0.75,1.3041,0.9028,3,9,1,2
5PARTICIPANT_study3_2022-12-08_14h49.19.560.csv,0.666666667,0.25,0.75,0.75,0.9027,0.9028,4,8,0,2
5PARTICIPANT_study3_2022-12-08_14h49.19.560.csv,0.666666667,0.25,0.75,0.75,0.7186,0.9028,5,3,0,2
5PARTICIPANT_study3_2022-12-08_14h49.19.560.csv,0.666666667,0.25,0.75,0.75,0.9509,0.9028,6,1,0,2
6098ad15adcdf37d6ac9557e_study3_2022-12-08_13h15.39.302.csv,1,0.5,1,0,1.1826,0.8395,1,6,0,2
6098ad15adcdf37d6ac9557e_study3_2022-12-08_13h15.39.302.csv,1,0.5,1,0,0.8976,0.8395,2,4,0,2
6098ad15adcdf37d6ac9557e_study3_2022-12-08_13h15.39.302.csv,1,0.5,1,0,0.6842,0.8395,3,9,0,2
6098ad15adcdf37d6ac9557e_study3_2022-12-08_13h15.39.302.csv,1,0.5,1,0,0.7119,0.8395,4,5,0,2
6098ad15adcdf37d6ac9557e_study3_2022-12-08_13h15.39.302.csv,1,0.5,1,0,1.0784,0.8395,5,0,0,2
6098ad15adcdf37d6ac9557e_study3_2022-12-08_13h15.39.302.csv,1,0.5,1,0,0.8505,0.8395,6,1,0,2
5Abril_study3_2022-12-08_09h27.24.386.csv,0.5,0.5,1,0,4.6674,0.82665,1,4,1,2
5Abril_study3_2022-12-08_09h27.24.386.csv,0.5,0.5,1,0,0.1676,0.82665,2,7,0,2
5Abril_study3_2022-12-08_09h27.24.386.csv,0.5,0.5,1,0,0.601,0.82665,3,8,1,2
5Abril_study3_2022-12-08_09h27.24.386.csv,0.5,0.5,1,0,1.2007,0.82665,4,0,0,2
5Abril_study3_2022-12-08_09h27.24.386.csv,0.5,0.5,1,0,0.5511,0.82665,5,1,0,2
5Abril_study3_2022-12-08_09h27.24.386.csv,0.5,0.5,1,0,0.501,0.82665,6,3,1,2
63066ec05eef5ac6baf1c158_study3_2022-12-08_09h21.18.930.csv,0.166666667,1,0.5,0,3.8376,0.917,1,4,1,2
63066ec05eef5ac6baf1c158_study3_2022-12-08_09h21.18.930.csv,0.166666667,1,0.5,0,3.5717,0.917,2,0,1,2
63066ec05eef5ac6baf1c158_study3_2022-12-08_09h21.18.930.csv,0.166666667,1,0.5,0,1.6971,0.917,3,2,0,2
63066ec05eef5ac6baf1c158_study3_2022-12-08_09h21.18.930.csv,0.166666667,1,0.5,0,2.8863,0.917,4,7,1,2
63066ec05eef5ac6baf1c158_study3_2022-12-08_09h21.18.930.csv,0.166666667,1,0.5,0,1.5118,0.917,5,5,1,2
63066ec05eef5ac6baf1c158_study3_2022-12-08_09h21.18.930.csv,0.166666667,1,0.5,0,1.0853,0.917,6,9,1,2
5d470786da637a00014ba26f_study3_2022-12-08_11h43.29.974.csv,0.833333333,0.5,1,0.25,3.983,0.822,1,3,1,2
5d470786da637a00014ba26f_study3_2022-12-08_11h43.29.974.csv,0.833333333,0.5,1,0.25,0.873,0.822,2,6,0,2
5d470786da637a00014ba26f_study3_2022-12-08_11h43.29.974.csv,0.833333333,0.5,1,0.25,2.084,0.822,3,5,0,2
5d470786da637a00014ba26f_study3_2022-12-08_11h43.29.974.csv,0.833333333,0.5,1,0.25,1.237,0.822,4,9,0,2
5d470786da637a00014ba26f_study3_2022-12-08_11h43.29.974.csv,0.833333333,0.5,1,0.25,1.083,0.822,5,7,0,2
5d470786da637a00014ba26f_study3_2022-12-08_11h43.29.974.csv,0.833333333,0.5,1,0.25,0.989,0.822,6,2,0,2
5Egidijus_study3_2022-12-08_10h54.31.596.csv,0.5,0.5,1,0,1.238,1.11875,1,6,1,2
5Egidijus_study3_2022-12-08_10h54.31.596.csv,0.5,0.5,1,0,1.5823,1.11875,2,5,0,2
5Egidijus_study3_2022-12-08_10h54.31.596.csv,0.5,0.5,1,0,6.8304,1.11875,3,0,0,2
5Egidijus_study3_2022-12-08_10h54.31.596.csv,0.5,0.5,1,0,1.4714,1.11875,4,9,1,2
5Egidijus_study3_2022-12-08_10h54.31.596.csv,0.5,0.5,1,0,1.3184,1.11875,5,1,1,2
5Egidijus_study3_2022-12-08_10h54.31.596.csv,0.5,0.5,1,0,1.0041,1.11875,6,2,0,2
601705a0246e51313e8ed38e_study3_2022-12-08_15h51.37.826.csv,0.666666667,0.25,0.75,0.75,0.3092,0.90975,1,6,0,2
601705a0246e51313e8ed38e_study3_2022-12-08_15h51.37.826.csv,0.666666667,0.25,0.75,0.75,0.0302,0.90975,2,7,0,2
601705a0246e51313e8ed38e_study3_2022-12-08_15h51.37.826.csv,0.666666667,0.25,0.75,0.75,0.7005,0.90975,3,2,0,2
601705a0246e51313e8ed38e_study3_2022-12-08_15h51.37.826.csv,0.666666667,0.25,0.75,0.75,0.0666,0.90975,4,0,0,2
601705a0246e51313e8ed38e_study3_2022-12-08_15h51.37.826.csv,0.666666667,0.25,0.75,0.75,0.9525,0.90975,5,8,1,2
601705a0246e51313e8ed38e_study3_2022-12-08_15h51.37.826.csv,0.666666667,0.25,0.75,0.75,1.3741,0.90975,6,5,1,2
61542447849549ee611e74fe_study3_2022-12-08_09h29.21.297.csv,0.166666667,0.5,1,0.25,4.54,1.1353,1,0,1,2
61542447849549ee611e74fe_study3_2022-12-08_09h29.21.297.csv,0.166666667,0.5,1,0.25,1.9357,1.1353,2,4,1,2
61542447849549ee611e74fe_study3_2022-12-08_09h29.21.297.csv,0.166666667,0.5,1,0.25,1.106,1.1353,3,1,1,2
61542447849549ee611e74fe_study3_2022-12-08_09h29.21.297.csv,0.166666667,0.5,1,0.25,1.2356,1.1353,4,8,1,2
61542447849549ee611e74fe_study3_2022-12-08_09h29.21.297.csv,0.166666667,0.5,1,0.25,1.1351,1.1353,5,9,1,2
61542447849549ee611e74fe_study3_2022-12-08_09h29.21.297.csv,0.166666667,0.5,1,0.25,0.9946,1.1353,6,7,0,2
5PARTICIPANT_study3_2022-12-08_09h25.03.180.csv,0.833333333,0.5,1,0,2.9279,0.89925,1,5,0,2
5PARTICIPANT_study3_2022-12-08_09h25.03.180.csv,0.833333333,0.5,1,0,0.8431,0.89925,2,8,0,2
5PARTICIPANT_study3_2022-12-08_09h25.03.180.csv,0.833333333,0.5,1,0,0.7133,0.89925,3,2,0,2
5PARTICIPANT_study3_2022-12-08_09h25.03.180.csv,0.833333333,0.5,1,0,0.8448,0.89925,4,4,0,2
5PARTICIPANT_study3_2022-12-08_09h25.03.180.csv,0.833333333,0.5,1,0,1.9786,0.89925,5,0,0,2
5PARTICIPANT_study3_2022-12-08_09h25.03.180.csv,0.833333333,0.5,1,0,1.0924,0.89925,6,1,1,2
5PARTICIPANT_study3_2022-12-08_15h48.42.226.csv,1,0.25,0.75,0.25,7.0052,0.9869,1,3,0,2
5PARTICIPANT_study3_2022-12-08_15h48.42.226.csv,1,0.25,0.75,0.25,3.4224,0.9869,2,7,0,2
5PARTICIPANT_study3_2022-12-08_15h48.42.226.csv,1,0.25,0.75,0.25,0.8399,0.9869,3,6,0,2
5PARTICIPANT_study3_2022-12-08_15h48.42.226.csv,1,0.25,0.75,0.25,0.8399,0.9869,4,1,0,2
5PARTICIPANT_study3_2022-12-08_15h48.42.226.csv,1,0.25,0.75,0.25,1.2787,0.9869,5,8,0,2
5PARTICIPANT_study3_2022-12-08_15h48.42.226.csv,1,0.25,0.75,0.25,1.0206,0.9869,6,4,0,2
57de9b670cb6700001dd7c9f_study3_2022-12-08_09h58.50.902.csv,0.166666667,0.5,1,0,1.6081,1.4362,1,7,1,2
57de9b670cb6700001dd7c9f_study3_2022-12-08_09h58.50.902.csv,0.166666667,0.5,1,0,1.8501,1.4362,2,3,1,2
57de9b670cb6700001dd7c9f_study3_2022-12-08_09h58.50.902.csv,0.166666667,0.5,1,0,1.2026,1.4362,3,2,1,2
57de9b670cb6700001dd7c9f_study3_2022-12-08_09h58.50.902.csv,0.166666667,0.5,1,0,1.1805,1.4362,4,8,0,2
57de9b670cb6700001dd7c9f_study3_2022-12-08_09h58.50.902.csv,0.166666667,0.5,1,0,1.3447,1.4362,5,0,1,2
57de9b670cb6700001dd7c9f_study3_2022-12-08_09h58.50.902.csv,0.166666667,0.5,1,0,1.1766,1.4362,6,5,1,2
636a740f2956031d8abf5bf1_study3_2022-12-08_14h48.13.866.csv,0.833333333,0.5,1,0.75,3.2338,0.83395,1,7,1,2
636a740f2956031d8abf5bf1_study3_2022-12-08_14h48.13.866.csv,0.833333333,0.5,1,0.75,1.0347,0.83395,2,3,0,2
636a740f2956031d8abf5bf1_study3_2022-12-08_14h48.13.866.csv,0.833333333,0.5,1,0.75,0.2511,0.83395,3,4,0,2
636a740f2956031d8abf5bf1_study3_2022-12-08_14h48.13.866.csv,0.833333333,0.5,1,0.75,0.9507,0.83395,4,5,0,2
636a740f2956031d8abf5bf1_study3_2022-12-08_14h48.13.866.csv,0.833333333,0.5,1,0.75,0.8507,0.83395,5,8,0,2
636a740f2956031d8abf5bf1_study3_2022-12-08_14h48.13.866.csv,0.833333333,0.5,1,0.75,1.1016,0.83395,6,2,0,2
63174a95078b149cd17f7873_study3_2022-12-08_13h11.28.827.csv,0.666666667,0.5,0.5,0.25,1.5625,0.9867,1,4,1,2
63174a95078b149cd17f7873_study3_2022-12-08_13h11.28.827.csv,0.666666667,0.5,0.5,0.25,0.7384,0.9867,2,6,0,2
63174a95078b149cd17f7873_study3_2022-12-08_13h11.28.827.csv,0.666666667,0.5,0.5,0.25,1.085,0.9867,3,9,1,2
63174a95078b149cd17f7873_study3_2022-12-08_13h11.28.827.csv,0.666666667,0.5,0.5,0.25,2.8005,0.9867,4,8,0,2
63174a95078b149cd17f7873_study3_2022-12-08_13h11.28.827.csv,0.666666667,0.5,0.5,0.25,0.7337,0.9867,5,7,0,2
63174a95078b149cd17f7873_study3_2022-12-08_13h11.28.827.csv,0.666666667,0.5,0.5,0.25,4.2054,0.9867,6,1,0,2
5PARTICIPANT_study3_2022-12-08_09h02.49.966.csv,1,0.5,1,0.5,0.9782,0.7355,1,8,0,2
5PARTICIPANT_study3_2022-12-08_09h02.49.966.csv,1,0.5,1,0.5,0.6241,0.7355,2,2,0,2
5PARTICIPANT_study3_2022-12-08_09h02.49.966.csv,1,0.5,1,0.5,0.5387,0.7355,3,9,0,2
5PARTICIPANT_study3_2022-12-08_09h02.49.966.csv,1,0.5,1,0.5,1.1876,0.7355,4,0,0,2
5PARTICIPANT_study3_2022-12-08_09h02.49.966.csv,1,0.5,1,0.5,0.8947,0.7355,5,1,0,2
5PARTICIPANT_study3_2022-12-08_09h02.49.966.csv,1,0.5,1,0.5,0.8054,0.7355,6,6,0,2
6311b30d2049ac9c91901586_study3_2022-12-08_09h27.36.180.csv,0.166666667,1,0.5,0.25,1.9745,1.0022,1,7,0,2
6311b30d2049ac9c91901586_study3_2022-12-08_09h27.36.180.csv,0.166666667,1,0.5,0.25,1.0376,1.0022,2,5,1,2
6311b30d2049ac9c91901586_study3_2022-12-08_09h27.36.180.csv,0.166666667,1,0.5,0.25,1.2044,1.0022,3,0,1,2
6311b30d2049ac9c91901586_study3_2022-12-08_09h27.36.180.csv,0.166666667,1,0.5,0.25,1.4435,1.0022,4,9,1,2
6311b30d2049ac9c91901586_study3_2022-12-08_09h27.36.180.csv,0.166666667,1,0.5,0.25,0.8426,1.0022,5,2,1,2
6311b30d2049ac9c91901586_study3_2022-12-08_09h27.36.180.csv,0.166666667,1,0.5,0.25,1.3301,1.0022,6,3,1,2
5b1775aebdf4e10001631c75_study3_2022-12-08_09h16.09.398.csv,1,0.75,0.75,0.5,0.9095,1.0463,1,7,0,2
5b1775aebdf4e10001631c75_study3_2022-12-08_09h16.09.398.csv,1,0.75,0.75,0.5,0.8783,1.0463,2,1,0,2
5b1775aebdf4e10001631c75_study3_2022-12-08_09h16.09.398.csv,1,0.75,0.75,0.5,0.8457,1.0463,3,6,0,2
5b1775aebdf4e10001631c75_study3_2022-12-08_09h16.09.398.csv,1,0.75,0.75,0.5,0.7841,1.0463,4,2,0,2
5b1775aebdf4e10001631c75_study3_2022-12-08_09h16.09.398.csv,1,0.75,0.75,0.5,0.9197,1.0463,5,4,0,2
5b1775aebdf4e10001631c75_study3_2022-12-08_09h16.09.398.csv,1,0.75,0.75,0.5,0.8835,1.0463,6,3,0,2
5PARTICIPANT_study3_2022-12-08_09h11.36.071.csv,0.166666667,0.5,1,0.25,1.0033,0.8273,1,7,1,2
5PARTICIPANT_study3_2022-12-08_09h11.36.071.csv,0.166666667,0.5,1,0.25,0.9023,0.8273,2,5,1,2
5PARTICIPANT_study3_2022-12-08_09h11.36.071.csv,0.166666667,0.5,1,0.25,0.8823,0.8273,3,0,0,2
5PARTICIPANT_study3_2022-12-08_09h11.36.071.csv,0.166666667,0.5,1,0.25,0.9045,0.8273,4,6,1,2
5PARTICIPANT_study3_2022-12-08_09h11.36.071.csv,0.166666667,0.5,1,0.25,0.8061,0.8273,5,8,1,2
5PARTICIPANT_study3_2022-12-08_09h11.36.071.csv,0.166666667,0.5,1,0.25,0.6925,0.8273,6,1,1,2
60317fc2c8f6320ecde4bcb3_study3_2022-12-08_15h50.15.939.csv,0.166666667,0.5,0.5,0,0.1056,1.0422,1,8,1,2
60317fc2c8f6320ecde4bcb3_study3_2022-12-08_15h50.15.939.csv,0.166666667,0.5,0.5,0,0.7132,1.0422,2,3,1,2
60317fc2c8f6320ecde4bcb3_study3_2022-12-08_15h50.15.939.csv,0.166666667,0.5,0.5,0,0.8223,1.0422,3,0,0,2
60317fc2c8f6320ecde4bcb3_study3_2022-12-08_15h50.15.939.csv,0.166666667,0.5,0.5,0,0.118,1.0422,4,7,1,2
60317fc2c8f6320ecde4bcb3_study3_2022-12-08_15h50.15.939.csv,0.166666667,0.5,0.5,0,0.9494,1.0422,5,5,1,2
60317fc2c8f6320ecde4bcb3_study3_2022-12-08_15h50.15.939.csv,0.166666667,0.5,0.5,0,7.6931,1.0422,6,2,1,2
611e9c58009adf2fd5417cee_study3_2022-12-08_09h27.25.315.csv,0.333333333,0.5,1,0,0.8672,0.8422,1,6,1,2
611e9c58009adf2fd5417cee_study3_2022-12-08_09h27.25.315.csv,0.333333333,0.5,1,0,0.7738,0.8422,2,0,0,2
611e9c58009adf2fd5417cee_study3_2022-12-08_09h27.25.315.csv,0.333333333,0.5,1,0,0.9913,0.8422,3,2,1,2
611e9c58009adf2fd5417cee_study3_2022-12-08_09h27.25.315.csv,0.333333333,0.5,1,0,1.1014,0.8422,4,8,1,2
611e9c58009adf2fd5417cee_study3_2022-12-08_09h27.25.315.csv,0.333333333,0.5,1,0,0.8871,0.8422,5,9,0,2
611e9c58009adf2fd5417cee_study3_2022-12-08_09h27.25.315.csv,0.333333333,0.5,1,0,0.9905,0.8422,6,4,1,2
5d973069cb19b600164e2195_study3_2022-12-08_09h34.13.425.csv,0.666666667,0,0.5,0.5,2.1532,1.0347,1,2,1,2
5d973069cb19b600164e2195_study3_2022-12-08_09h34.13.425.csv,0.666666667,0,0.5,0.5,2.6419,1.0347,2,4,1,2
5d973069cb19b600164e2195_study3_2022-12-08_09h34.13.425.csv,0.666666667,0,0.5,0.5,0.7687,1.0347,3,5,0,2
5d973069cb19b600164e2195_study3_2022-12-08_09h34.13.425.csv,0.666666667,0,0.5,0.5,0.9947,1.0347,4,7,0,2
5d973069cb19b600164e2195_study3_2022-12-08_09h34.13.425.csv,0.666666667,0,0.5,0.5,0.8539,1.0347,5,9,0,2
5d973069cb19b600164e2195_study3_2022-12-08_09h34.13.425.csv,0.666666667,0,0.5,0.5,0.2149,1.0347,6,8,0,2
5PARTICIPANT_study3_2022-12-08_12h01.29.947.csv,1,0.5,1,0,2.2707,0.9927,1,1,0,2
5PARTICIPANT_study3_2022-12-08_12h01.29.947.csv,1,0.5,1,0,1.4019,0.9927,2,4,0,2
5PARTICIPANT_study3_2022-12-08_12h01.29.947.csv,1,0.5,1,0,0.7171,0.9927,3,2,0,2
5PARTICIPANT_study3_2022-12-08_12h01.29.947.csv,1,0.5,1,0,0.8886,0.9927,4,3,0,2
5PARTICIPANT_study3_2022-12-08_12h01.29.947.csv,1,0.5,1,0,0.6169,0.9927,5,6,0,2
5PARTICIPANT_study3_2022-12-08_12h01.29.947.csv,1,0.5,1,0,3.0781,0.9927,6,0,0,2
615a170c6eca532c6f57e09c_study3_2022-12-08_14h48.09.689.csv,0.833333333,0.25,0.75,0.75,0.5338,0.7304,1,9,0,2
615a170c6eca532c6f57e09c_study3_2022-12-08_14h48.09.689.csv,0.833333333,0.25,0.75,0.75,0.2455,0.7304,2,3,0,2
615a170c6eca532c6f57e09c_study3_2022-12-08_14h48.09.689.csv,0.833333333,0.25,0.75,0.75,0.7663,0.7304,3,0,1,2
615a170c6eca532c6f57e09c_study3_2022-12-08_14h48.09.689.csv,0.833333333,0.25,0.75,0.75,0.8533,0.7304,4,8,0,2
615a170c6eca532c6f57e09c_study3_2022-12-08_14h48.09.689.csv,0.833333333,0.25,0.75,0.75,0.6945,0.7304,5,2,0,2
615a170c6eca532c6f57e09c_study3_2022-12-08_14h48.09.689.csv,0.833333333,0.25,0.75,0.75,0.7498,0.7304,6,7,0,2
6026a3507e666237c315a0b0_study3_2022-12-08_09h32.08.262.csv,0,0.75,0.75,0.25,0.9018,0.9865,1,8,1,2
6026a3507e666237c315a0b0_study3_2022-12-08_09h32.08.262.csv,0,0.75,0.75,0.25,0.3609,0.9865,2,3,1,2
6026a3507e666237c315a0b0_study3_2022-12-08_09h32.08.262.csv,0,0.75,0.75,0.25,0.2409,0.9865,3,7,1,2
6026a3507e666237c315a0b0_study3_2022-12-08_09h32.08.262.csv,0,0.75,0.75,0.25,0.2571,0.9865,4,2,1,2
6026a3507e666237c315a0b0_study3_2022-12-08_09h32.08.262.csv,0,0.75,0.75,0.25,0.2266,0.9865,5,6,1,2
6026a3507e666237c315a0b0_study3_2022-12-08_09h32.08.262.csv,0,0.75,0.75,0.25,0.2343,0.9865,6,1,1,2
60a6dd8779e3de1097e5d50a_study3_2022-12-08_09h48.20.796.csv,0.666666667,0.5,1,1,1.7762,1.0762,1,2,0,2
60a6dd8779e3de1097e5d50a_study3_2022-12-08_09h48.20.796.csv,0.666666667,0.5,1,1,0.7019,1.0762,2,8,0,2
60a6dd8779e3de1097e5d50a_study3_2022-12-08_09h48.20.796.csv,0.666666667,0.5,1,1,0.8389,1.0762,3,0,0,2
60a6dd8779e3de1097e5d50a_study3_2022-12-08_09h48.20.796.csv,0.666666667,0.5,1,1,3.9552,1.0762,4,1,0,2
60a6dd8779e3de1097e5d50a_study3_2022-12-08_09h48.20.796.csv,0.666666667,0.5,1,1,2.1675,1.0762,5,4,1,2
60a6dd8779e3de1097e5d50a_study3_2022-12-08_09h48.20.796.csv,0.666666667,0.5,1,1,2.4939,1.0762,6,7,1,2
5f0f7fe1d7ad1c000b42d091_study3_2022-12-08_15h03.30.847.csv,1,0.5,1,0,3.8374,1.0517,1,3,0,2
5f0f7fe1d7ad1c000b42d091_study3_2022-12-08_15h03.30.847.csv,1,0.5,1,0,0.8859,1.0517,2,2,0,2
5f0f7fe1d7ad1c000b42d091_study3_2022-12-08_15h03.30.847.csv,1,0.5,1,0,0.9683,1.0517,3,0,0,2
5f0f7fe1d7ad1c000b42d091_study3_2022-12-08_15h03.30.847.csv,1,0.5,1,0,1.1505,1.0517,4,1,0,2
5f0f7fe1d7ad1c000b42d091_study3_2022-12-08_15h03.30.847.csv,1,0.5,1,0,0.8847,1.0517,5,5,0,2
5f0f7fe1d7ad1c000b42d091_study3_2022-12-08_15h03.30.847.csv,1,0.5,1,0,1.0114,1.0517,6,4,0,2
5b9aed646a11180001a8082e_study3_2022-12-08_14h48.11.964.csv,0.166666667,0.5,1,0.5,2.4911,0.77305,1,8,1,2
5b9aed646a11180001a8082e_study3_2022-12-08_14h48.11.964.csv,0.166666667,0.5,1,0.5,0.7677,0.77305,2,4,1,2
5b9aed646a11180001a8082e_study3_2022-12-08_14h48.11.964.csv,0.166666667,0.5,1,0.5,0.7382,0.77305,3,0,0,2
5b9aed646a11180001a8082e_study3_2022-12-08_14h48.11.964.csv,0.166666667,0.5,1,0.5,0.7342,0.77305,4,2,1,2
5b9aed646a11180001a8082e_study3_2022-12-08_14h48.11.964.csv,0.166666667,0.5,1,0.5,0.7042,0.77305,5,7,1,2
5b9aed646a11180001a8082e_study3_2022-12-08_14h48.11.964.csv,0.166666667,0.5,1,0.5,0.3107,0.77305,6,9,1,2
606dd5bde7bc8c04efce0fba_study3_2022-12-08_10h11.58.421.csv,1,0.5,1,1,7.851,1.6565,1,3,0,2
606dd5bde7bc8c04efce0fba_study3_2022-12-08_10h11.58.421.csv,1,0.5,1,1,0.104,1.6565,2,2,0,2
606dd5bde7bc8c04efce0fba_study3_2022-12-08_10h11.58.421.csv,1,0.5,1,1,0.666,1.6565,3,8,0,2
606dd5bde7bc8c04efce0fba_study3_2022-12-08_10h11.58.421.csv,1,0.5,1,1,4.411,1.6565,4,1,0,2
606dd5bde7bc8c04efce0fba_study3_2022-12-08_10h11.58.421.csv,1,0.5,1,1,6.457,1.6565,5,9,0,2
606dd5bde7bc8c04efce0fba_study3_2022-12-08_10h11.58.421.csv,1,0.5,1,1,1.705,1.6565,6,6,0,2
5f9c70519242e010e0f1c608_study3_2022-12-08_09h19.12.832.csv,0.833333333,0.5,1,1,1.284,0.7013,1,0,0,2
5f9c70519242e010e0f1c608_study3_2022-12-08_09h19.12.832.csv,0.833333333,0.5,1,1,0.5455,0.7013,2,6,0,2
5f9c70519242e010e0f1c608_study3_2022-12-08_09h19.12.832.csv,0.833333333,0.5,1,1,1.0484,0.7013,3,4,0,2
5f9c70519242e010e0f1c608_study3_2022-12-08_09h19.12.832.csv,0.833333333,0.5,1,1,0.3248,0.7013,4,7,0,2
5f9c70519242e010e0f1c608_study3_2022-12-08_09h19.12.832.csv,0.833333333,0.5,1,1,3.1841,0.7013,5,1,0,2
5f9c70519242e010e0f1c608_study3_2022-12-08_09h19.12.832.csv,0.833333333,0.5,1,1,2.7172,0.7013,6,2,1,2
5Lau93_study3_2022-12-08_15h49.18.268.csv,1,1,0.5,0.5,2.737,1.1915,1,5,0,2
5Lau93_study3_2022-12-08_15h49.18.268.csv,1,1,0.5,0.5,0.819,1.1915,2,8,0,2
5Lau93_study3_2022-12-08_15h49.18.268.csv,1,1,0.5,0.5,0.169,1.1915,3,9,0,2
5Lau93_study3_2022-12-08_15h49.18.268.csv,1,1,0.5,0.5,0.809,1.1915,4,4,0,2
5Lau93_study3_2022-12-08_15h49.18.268.csv,1,1,0.5,0.5,0.418,1.1915,5,7,0,2
5Lau93_study3_2022-12-08_15h49.18.268.csv,1,1,0.5,0.5,2.251,1.1915,6,0,0,2
5cfcf07cee119e000103de71_study3_2022-12-08_08h27.03.078.csv,1,0.5,1,0,3.8372,0.6579,1,3,0,2
5cfcf07cee119e000103de71_study3_2022-12-08_08h27.03.078.csv,1,0.5,1,0,1.4181,0.6579,2,2,0,2
5cfcf07cee119e000103de71_study3_2022-12-08_08h27.03.078.csv,1,0.5,1,0,0.7344,0.6579,3,4,0,2
5cfcf07cee119e000103de71_study3_2022-12-08_08h27.03.078.csv,1,0.5,1,0,0.5081,0.6579,4,7,0,2
5cfcf07cee119e000103de71_study3_2022-12-08_08h27.03.078.csv,1,0.5,1,0,0.6525,0.6579,5,8,0,2
5cfcf07cee119e000103de71_study3_2022-12-08_08h27.03.078.csv,1,0.5,1,0,0.769,0.6579,6,0,0,2
5b0710e7a84dcf0001beee8a_study3_2022-12-08_14h48.13.036.csv,0.5,0.5,1,0.25,2.212,1.5516,1,0,1,2
5b0710e7a84dcf0001beee8a_study3_2022-12-08_14h48.13.036.csv,0.5,0.5,1,0.25,8.3836,1.5516,2,9,1,2
5b0710e7a84dcf0001beee8a_study3_2022-12-08_14h48.13.036.csv,0.5,0.5,1,0.25,1.5506,1.5516,3,4,0,2
5b0710e7a84dcf0001beee8a_study3_2022-12-08_14h48.13.036.csv,0.5,0.5,1,0.25,1.5528,1.5516,4,1,1,2
5b0710e7a84dcf0001beee8a_study3_2022-12-08_14h48.13.036.csv,0.5,0.5,1,0.25,5.057,1.5516,5,6,0,2
5b0710e7a84dcf0001beee8a_study3_2022-12-08_14h48.13.036.csv,0.5,0.5,1,0.25,7.3683,1.5516,6,7,0,2
5fc60be0227abc1b525a09a8_study3_2022-12-08_10h03.58.512.csv,0.666666667,0.5,1,1,0.7552,0.93475,1,8,0,2
5fc60be0227abc1b525a09a8_study3_2022-12-08_10h03.58.512.csv,0.666666667,0.5,1,1,3.8138,0.93475,2,6,0,2
5fc60be0227abc1b525a09a8_study3_2022-12-08_10h03.58.512.csv,0.666666667,0.5,1,1,1.5762,0.93475,3,0,1,2
5fc60be0227abc1b525a09a8_study3_2022-12-08_10h03.58.512.csv,0.666666667,0.5,1,1,1.6939,0.93475,4,4,0,2
5fc60be0227abc1b525a09a8_study3_2022-12-08_10h03.58.512.csv,0.666666667,0.5,1,1,2.9778,0.93475,5,5,0,2
5fc60be0227abc1b525a09a8_study3_2022-12-08_10h03.58.512.csv,0.666666667,0.5,1,1,1.5783,0.93475,6,2,1,2
6166e78051425fa22de68491_study3_2022-12-08_14h45.08.366.csv,1,0.5,1,0,3.5673,1.0359,1,3,0,2
6166e78051425fa22de68491_study3_2022-12-08_14h45.08.366.csv,1,0.5,1,0,1.808,1.0359,2,9,0,2
6166e78051425fa22de68491_study3_2022-12-08_14h45.08.366.csv,1,0.5,1,0,0.9321,1.0359,3,8,0,2
6166e78051425fa22de68491_study3_2022-12-08_14h45.08.366.csv,1,0.5,1,0,1.1529,1.0359,4,5,0,2
6166e78051425fa22de68491_study3_2022-12-08_14h45.08.366.csv,1,0.5,1,0,0.9728,1.0359,5,0,0,2
6166e78051425fa22de68491_study3_2022-12-08_14h45.08.366.csv,1,0.5,1,0,1.8651,1.0359,6,1,0,2
60d51a3f5496a458dc0d4716_study3_2022-12-08_16h23.26.079.csv,0.833333333,0.5,1,0.25,2.3178,1.1526,1,4,0,2
60d51a3f5496a458dc0d4716_study3_2022-12-08_16h23.26.079.csv,0.833333333,0.5,1,0.25,0.8173,1.1526,2,1,0,2
60d51a3f5496a458dc0d4716_study3_2022-12-08_16h23.26.079.csv,0.833333333,0.5,1,0.25,0.9506,1.1526,3,9,0,2
60d51a3f5496a458dc0d4716_study3_2022-12-08_16h23.26.079.csv,0.833333333,0.5,1,0.25,2.7787,1.1526,4,5,1,2
60d51a3f5496a458dc0d4716_study3_2022-12-08_16h23.26.079.csv,0.833333333,0.5,1,0.25,0.6273,1.1526,5,2,0,2
60d51a3f5496a458dc0d4716_study3_2022-12-08_16h23.26.079.csv,0.833333333,0.5,1,0.25,1.3008,1.1526,6,8,0,2
5d60061e45714d00019ad6a4_study3_2022-12-08_15h48.36.688.csv,0.666666667,0.75,0.75,0,0.8648,0.83225,1,7,1,2
5d60061e45714d00019ad6a4_study3_2022-12-08_15h48.36.688.csv,0.666666667,0.75,0.75,0,4.5456,0.83225,2,6,1,2
5d60061e45714d00019ad6a4_study3_2022-12-08_15h48.36.688.csv,0.666666667,0.75,0.75,0,0.3456,0.83225,3,8,0,2
5d60061e45714d00019ad6a4_study3_2022-12-08_15h48.36.688.csv,0.666666667,0.75,0.75,0,0.571,0.83225,4,5,0,2
5d60061e45714d00019ad6a4_study3_2022-12-08_15h48.36.688.csv,0.666666667,0.75,0.75,0,0.8048,0.83225,5,3,0,2
5d60061e45714d00019ad6a4_study3_2022-12-08_15h48.36.688.csv,0.666666667,0.75,0.75,0,1.699,0.83225,6,1,0,2
5PARTICIPANT_study3_2022-12-08_09h54.26.475.csv,0.5,0.5,1,0.25,2.8279,0.82375,1,1,1,2
5PARTICIPANT_study3_2022-12-08_09h54.26.475.csv,0.5,0.5,1,0.25,0.2436,0.82375,2,0,0,2
5PARTICIPANT_study3_2022-12-08_09h54.26.475.csv,0.5,0.5,1,0.25,0.3129,0.82375,3,6,0,2
5PARTICIPANT_study3_2022-12-08_09h54.26.475.csv,0.5,0.5,1,0.25,0.3728,0.82375,4,9,1,2
5PARTICIPANT_study3_2022-12-08_09h54.26.475.csv,0.5,0.5,1,0.25,0.2227,0.82375,5,2,1,2
5PARTICIPANT_study3_2022-12-08_09h54.26.475.csv,0.5,0.5,1,0.25,0.2229,0.82375,6,8,0,2
5ca65510a0b6540012283c32_study3_2022-12-08_10h00.28.248.csv,0,1,0.5,0.5,6.8937,1.0972,1,2,1,2
5ca65510a0b6540012283c32_study3_2022-12-08_10h00.28.248.csv,0,1,0.5,0.5,1.8923,1.0972,2,3,1,2
5ca65510a0b6540012283c32_study3_2022-12-08_10h00.28.248.csv,0,1,0.5,0.5,1.1786,1.0972,3,0,1,2
5ca65510a0b6540012283c32_study3_2022-12-08_10h00.28.248.csv,0,1,0.5,0.5,1.7771,1.0972,4,7,1,2
5ca65510a0b6540012283c32_study3_2022-12-08_10h00.28.248.csv,0,1,0.5,0.5,1.0423,1.0972,5,4,1,2
5ca65510a0b6540012283c32_study3_2022-12-08_10h00.28.248.csv,0,1,0.5,0.5,0.7745,1.0972,6,8,1,2
62fc94176ecdef3f7bd04833_study3_2022-12-08_15h02.04.880.csv,1,0.5,1,1,1.749,0.9452,1,3,0,2
62fc94176ecdef3f7bd04833_study3_2022-12-08_15h02.04.880.csv,1,0.5,1,1,1.6584,0.9452,2,4,0,2
62fc94176ecdef3f7bd04833_study3_2022-12-08_15h02.04.880.csv,1,0.5,1,1,1.1051,0.9452,3,9,0,2
62fc94176ecdef3f7bd04833_study3_2022-12-08_15h02.04.880.csv,1,0.5,1,1,1.1246,0.9452,4,1,0,2
62fc94176ecdef3f7bd04833_study3_2022-12-08_15h02.04.880.csv,1,0.5,1,1,2.9331,0.9452,5,2,0,2
62fc94176ecdef3f7bd04833_study3_2022-12-08_15h02.04.880.csv,1,0.5,1,1,0.4892,0.9452,6,5,0,2
62aa33eec600b41d4dc4b4e8_study3_2022-12-08_14h51.43.021.csv,1,0.5,1,0.25,1.3751,0.90465,1,4,0,2
62aa33eec600b41d4dc4b4e8_study3_2022-12-08_14h51.43.021.csv,1,0.5,1,0.25,0.5717,0.90465,2,0,0,2
62aa33eec600b41d4dc4b4e8_study3_2022-12-08_14h51.43.021.csv,1,0.5,1,0.25,6.987,0.90465,3,7,0,2
62aa33eec600b41d4dc4b4e8_study3_2022-12-08_14h51.43.021.csv,1,0.5,1,0.25,0.5242,0.90465,4,9,0,2
62aa33eec600b41d4dc4b4e8_study3_2022-12-08_14h51.43.021.csv,1,0.5,1,0.25,0.6083,0.90465,5,8,0,2
62aa33eec600b41d4dc4b4e8_study3_2022-12-08_14h51.43.021.csv,1,0.5,1,0.25,0.7573,0.90465,6,5,0,2
5PARTICIPANT_study3_2022-12-08_08h42.30.538.csv,0.5,0.75,0.75,0,6.687,1.0055,1,1,1,2
5PARTICIPANT_study3_2022-12-08_08h42.30.538.csv,0.5,0.75,0.75,0,0.964,1.0055,2,5,1,2
5PARTICIPANT_study3_2022-12-08_08h42.30.538.csv,0.5,0.75,0.75,0,0.897,1.0055,3,6,0,2
5PARTICIPANT_study3_2022-12-08_08h42.30.538.csv,0.5,0.75,0.75,0,0.985,1.0055,4,8,0,2
5PARTICIPANT_study3_2022-12-08_08h42.30.538.csv,0.5,0.75,0.75,0,1.162,1.0055,5,4,1,2
5PARTICIPANT_study3_2022-12-08_08h42.30.538.csv,0.5,0.75,0.75,0,0.92,1.0055,6,0,0,2
5Adonai_study3_2022-12-08_09h26.27.426.csv,1,0.5,1,0,1.1386,0.89915,1,8,0,2
5Adonai_study3_2022-12-08_09h26.27.426.csv,1,0.5,1,0,1.088599999,0.89915,2,3,0,2
5Adonai_study3_2022-12-08_09h26.27.426.csv,1,0.5,1,0,1.038400001,0.89915,3,7,0,2
5Adonai_study3_2022-12-08_09h26.27.426.csv,1,0.5,1,0,1.039400001,0.89915,4,2,0,2
5Adonai_study3_2022-12-08_09h26.27.426.csv,1,0.5,1,0,1.0379,0.89915,5,9,0,2
5Adonai_study3_2022-12-08_09h26.27.426.csv,1,0.5,1,0,0.5864,0.89915,6,4,0,2
5PARTICIPANT_study3_2022-12-08_14h54.32.801.csv,0.833333333,0.5,1,0,3.6002,0.6758,1,4,0,2
5PARTICIPANT_study3_2022-12-08_14h54.32.801.csv,0.833333333,0.5,1,0,2.7718,0.6758,2,7,1,2
5PARTICIPANT_study3_2022-12-08_14h54.32.801.csv,0.833333333,0.5,1,0,0.6747,0.6758,3,1,0,2
5PARTICIPANT_study3_2022-12-08_14h54.32.801.csv,0.833333333,0.5,1,0,0.6261,0.6758,4,0,0,2
5PARTICIPANT_study3_2022-12-08_14h54.32.801.csv,0.833333333,0.5,1,0,0.5013,0.6758,5,9,0,2
5PARTICIPANT_study3_2022-12-08_14h54.32.801.csv,0.833333333,0.5,1,0,0.5686,0.6758,6,8,0,2
5f09f8393ca8420e457c44c3_study3_2022-12-08_08h20.51.873.csv,0.833333333,0.5,1,0,0.9517,0.9052,1,8,0,2
5f09f8393ca8420e457c44c3_study3_2022-12-08_08h20.51.873.csv,0.833333333,0.5,1,0,0.5838,0.9052,2,0,0,2
5f09f8393ca8420e457c44c3_study3_2022-12-08_08h20.51.873.csv,0.833333333,0.5,1,0,0.3976,0.9052,3,7,0,2
5f09f8393ca8420e457c44c3_study3_2022-12-08_08h20.51.873.csv,0.833333333,0.5,1,0,0.3632,0.9052,4,1,1,2
5f09f8393ca8420e457c44c3_study3_2022-12-08_08h20.51.873.csv,0.833333333,0.5,1,0,0.6598,0.9052,5,4,0,2
5f09f8393ca8420e457c44c3_study3_2022-12-08_08h20.51.873.csv,0.833333333,0.5,1,0,0.2851,0.9052,6,3,0,2
5b421b9ac2e3810001763252_study3_2022-12-08_12h03.39.632.csv,0.833333333,0.5,1,0,2.3219,0.93675,1,7,0,2
5b421b9ac2e3810001763252_study3_2022-12-08_12h03.39.632.csv,0.833333333,0.5,1,0,2.5707,0.93675,2,1,1,2
5b421b9ac2e3810001763252_study3_2022-12-08_12h03.39.632.csv,0.833333333,0.5,1,0,1.0018,0.93675,3,9,0,2
5b421b9ac2e3810001763252_study3_2022-12-08_12h03.39.632.csv,0.833333333,0.5,1,0,1.5815,0.93675,4,4,0,2
5b421b9ac2e3810001763252_study3_2022-12-08_12h03.39.632.csv,0.833333333,0.5,1,0,1.5922,0.93675,5,0,0,2
5b421b9ac2e3810001763252_study3_2022-12-08_12h03.39.632.csv,0.833333333,0.5,1,0,0.8736,0.93675,6,3,0,2
5c0ed000fd0c0a0001f881ea_study3_2022-12-08_10h46.50.832.csv,1,0.5,1,0.25,2.105,0.997,1,4,0,2
5c0ed000fd0c0a0001f881ea_study3_2022-12-08_10h46.50.832.csv,1,0.5,1,0.25,0.819,0.997,2,0,0,2
5c0ed000fd0c0a0001f881ea_study3_2022-12-08_10h46.50.832.csv,1,0.5,1,0.25,3.404,0.997,3,5,0,2
5c0ed000fd0c0a0001f881ea_study3_2022-12-08_10h46.50.832.csv,1,0.5,1,0.25,1.116,0.997,4,9,0,2
5c0ed000fd0c0a0001f881ea_study3_2022-12-08_10h46.50.832.csv,1,0.5,1,0.25,0.917,0.997,5,6,0,2
5c0ed000fd0c0a0001f881ea_study3_2022-12-08_10h46.50.832.csv,1,0.5,1,0.25,0.77,0.997,6,3,0,2
5d0c90dc3382180015624ad9_study3_2022-12-08_15h37.44.509.csv,0.5,0.5,1,0.75,2.3677,1.1698,1,1,1,2
5d0c90dc3382180015624ad9_study3_2022-12-08_15h37.44.509.csv,0.5,0.5,1,0.75,1.2358,1.1698,2,4,1,2
5d0c90dc3382180015624ad9_study3_2022-12-08_15h37.44.509.csv,0.5,0.5,1,0.75,4.5289,1.1698,3,9,0,2
5d0c90dc3382180015624ad9_study3_2022-12-08_15h37.44.509.csv,0.5,0.5,1,0.75,2.7742,1.1698,4,7,0,2
5d0c90dc3382180015624ad9_study3_2022-12-08_15h37.44.509.csv,0.5,0.5,1,0.75,2.6639,1.1698,5,0,0,2
5d0c90dc3382180015624ad9_study3_2022-12-08_15h37.44.509.csv,0.5,0.5,1,0.75,3.101,1.1698,6,8,1,2
6278d1758a5f6d5af02d863c_study3_2022-12-08_18h01.19.381.csv,0.833333333,0.5,1,1,2.8091,1.07335,1,5,0,2
6278d1758a5f6d5af02d863c_study3_2022-12-08_18h01.19.381.csv,0.833333333,0.5,1,1,1.6266,1.07335,2,9,1,2
6278d1758a5f6d5af02d863c_study3_2022-12-08_18h01.19.381.csv,0.833333333,0.5,1,1,1.7531,1.07335,3,2,0,2
6278d1758a5f6d5af02d863c_study3_2022-12-08_18h01.19.381.csv,0.833333333,0.5,1,1,1.2491,1.07335,4,3,0,2
6278d1758a5f6d5af02d863c_study3_2022-12-08_18h01.19.381.csv,0.833333333,0.5,1,1,0.8542,1.07335,5,6,0,2
6278d1758a5f6d5af02d863c_study3_2022-12-08_18h01.19.381.csv,0.833333333,0.5,1,1,1.6692,1.07335,6,7,0,2
5ffc6ebd8f29260965cd1eed_study3_2022-12-08_09h29.20.154.csv,0.666666667,0.5,0.5,0.75,0.6172,1.0255,1,8,0,2
5ffc6ebd8f29260965cd1eed_study3_2022-12-08_09h29.20.154.csv,0.666666667,0.5,0.5,0.75,0.8748,1.0255,2,0,0,2
5ffc6ebd8f29260965cd1eed_study3_2022-12-08_09h29.20.154.csv,0.666666667,0.5,0.5,0.75,0.8344,1.0255,3,6,1,2
5ffc6ebd8f29260965cd1eed_study3_2022-12-08_09h29.20.154.csv,0.666666667,0.5,0.5,0.75,0.791,1.0255,4,5,0,2
5ffc6ebd8f29260965cd1eed_study3_2022-12-08_09h29.20.154.csv,0.666666667,0.5,0.5,0.75,0.8505,1.0255,5,2,1,2
5ffc6ebd8f29260965cd1eed_study3_2022-12-08_09h29.20.154.csv,0.666666667,0.5,0.5,0.75,1.2649,1.0255,6,7,0,2
59b536d60516f6000197c3f9_study3_2022-12-08_10h45.20.710.csv,0.5,0.5,1,1,0.6026,0.6416,1,9,0,2
59b536d60516f6000197c3f9_study3_2022-12-08_10h45.20.710.csv,0.5,0.5,1,1,0.8172,0.6416,2,7,1,2
59b536d60516f6000197c3f9_study3_2022-12-08_10h45.20.710.csv,0.5,0.5,1,1,0.5321,0.6416,3,0,0,2
59b536d60516f6000197c3f9_study3_2022-12-08_10h45.20.710.csv,0.5,0.5,1,1,0.9727,0.6416,4,3,1,2
59b536d60516f6000197c3f9_study3_2022-12-08_10h45.20.710.csv,0.5,0.5,1,1,0.4065,0.6416,5,8,0,2
59b536d60516f6000197c3f9_study3_2022-12-08_10h45.20.710.csv,0.5,0.5,1,1,1.5239,0.6416,6,4,1,2
5d920df12b679a00182bbc73_study3_2022-12-08_09h30.47.755.csv,0.833333333,0.5,1,0.5,4.293,0.772,1,4,1,2
5d920df12b679a00182bbc73_study3_2022-12-08_09h30.47.755.csv,0.833333333,0.5,1,0.5,0.889,0.772,2,5,0,2
5d920df12b679a00182bbc73_study3_2022-12-08_09h30.47.755.csv,0.833333333,0.5,1,0.5,1.654,0.772,3,3,0,2
5d920df12b679a00182bbc73_study3_2022-12-08_09h30.47.755.csv,0.833333333,0.5,1,0.5,0.785,0.772,4,1,0,2
5d920df12b679a00182bbc73_study3_2022-12-08_09h30.47.755.csv,0.833333333,0.5,1,0.5,0.705,0.772,5,9,0,2
5d920df12b679a00182bbc73_study3_2022-12-08_09h30.47.755.csv,0.833333333,0.5,1,0.5,1.488,0.772,6,6,0,2